"customer_id","store_id","customer_first_n","customer_last_n","email","customer_phone","deposit","active","create_date","last_update"
"1","1","MARY","SMITH","MARY.SMITH@sakilacustomer.org","28303384290","0","1","2006-02-14 22:04:36","2006-02-15 04:57:20"
"2","1","PATRICIA","JOHNSON","PATRICIA.JOHNSON@sakilacustomer.org","838635286649","0","1","2006-02-14 22:04:36","2006-02-15 04:57:20"
"3","1","LINDA","WILLIAMS","LINDA.WILLIAMS@sakilacustomer.org","448477190408","0","1","2006-02-14 22:04:36","2006-02-15 04:57:20"
"4","2","BARBARA","JONES","BARBARA.JONES@sakilacustomer.org","705814003527","0","1","2006-02-14 22:04:36","2006-02-15 04:57:20"
"5","1","ELIZABETH","BROWN","ELIZABETH.BROWN@sakilacustomer.org","10655648674","0","1","2006-02-14 22:04:36","2006-02-15 04:57:20"
"6","2","JENNIFER","DAVIS","JENNIFER.DAVIS@sakilacustomer.org","860452626434","0","1","2006-02-14 22:04:36","2006-02-15 04:57:20"
"7","1","MARIA","MILLER","MARIA.MILLER@sakilacustomer.org","716571220373","0","1","2006-02-14 22:04:36","2006-02-15 04:57:20"
"8","2","SUSAN","WILSON","SUSAN.WILSON@sakilacustomer.org","657282285970","0","1","2006-02-14 22:04:36","2006-02-15 04:57:20"
"9","2","MARGARET","MOORE","MARGARET.MOORE@sakilacustomer.org","380657522649","0","1","2006-02-14 22:04:36","2006-02-15 04:57:20"
"10","1","DOROTHY","TAYLOR","DOROTHY.TAYLOR@sakilacustomer.org","648856936185","0","1","2006-02-14 22:04:36","2006-02-15 04:57:20"
"11","2","LISA","ANDERSON","LISA.ANDERSON@sakilacustomer.org","635297277345","0","1","2006-02-14 22:04:36","2006-02-15 04:57:20"
"12","1","NANCY","THOMAS","NANCY.THOMAS@sakilacustomer.org","465887807014","0","1","2006-02-14 22:04:36","2006-02-15 04:57:20"
"13","2","KAREN","JACKSON","KAREN.JACKSON@sakilacustomer.org","695479687538","0","1","2006-02-14 22:04:36","2006-02-15 04:57:20"
"14","2","BETTY","WHITE","BETTY.WHITE@sakilacustomer.org","517338314235","0","1","2006-02-14 22:04:36","2006-02-15 04:57:20"
"15","1","HELEN","HARRIS","HELEN.HARRIS@sakilacustomer.org","990911107354","0","1","2006-02-14 22:04:36","2006-02-15 04:57:20"
"16","2","SANDRA","MARTIN","SANDRA.MARTIN@sakilacustomer.org","949312333307","0","0","2006-02-14 22:04:36","2006-02-15 04:57:20"
"17","1","DONNA","THOMPSON","DONNA.THOMPSON@sakilacustomer.org","407752414682","0","1","2006-02-14 22:04:36","2006-02-15 04:57:20"
"18","2","CAROL","GARCIA","CAROL.GARCIA@sakilacustomer.org","747791594069","0","1","2006-02-14 22:04:36","2006-02-15 04:57:20"
"19","1","RUTH","MARTINEZ","RUTH.MARTINEZ@sakilacustomer.org","272572357893","0","1","2006-02-14 22:04:36","2006-02-15 04:57:20"
"20","2","SHARON","ROBINSON","SHARON.ROBINSON@sakilacustomer.org","144453869132","0","1","2006-02-14 22:04:36","2006-02-15 04:57:20"
"21","1","MICHELLE","CLARK","MICHELLE.CLARK@sakilacustomer.org","892775750063","0","1","2006-02-14 22:04:36","2006-02-15 04:57:20"
"22","1","LAURA","RODRIGUEZ","LAURA.RODRIGUEZ@sakilacustomer.org","161968374323","0","1","2006-02-14 22:04:36","2006-02-15 04:57:20"
"23","2","SARAH","LEWIS","SARAH.LEWIS@sakilacustomer.org","902731229323","0","1","2006-02-14 22:04:36","2006-02-15 04:57:20"
"24","2","KIMBERLY","LEE","KIMBERLY.LEE@sakilacustomer.org","934730187245","0","1","2006-02-14 22:04:36","2006-02-15 04:57:20"
"25","1","DEBORAH","WALKER","DEBORAH.WALKER@sakilacustomer.org","196495945706","0","1","2006-02-14 22:04:36","2006-02-15 04:57:20"
"26","2","JESSICA","HALL","JESSICA.HALL@sakilacustomer.org","998009777982","0","1","2006-02-14 22:04:36","2006-02-15 04:57:20"
"27","2","SHIRLEY","ALLEN","SHIRLEY.ALLEN@sakilacustomer.org","665356572025","0","1","2006-02-14 22:04:36","2006-02-15 04:57:20"
"28","1","CYNTHIA","YOUNG","CYNTHIA.YOUNG@sakilacustomer.org","678220867005","0","1","2006-02-14 22:04:36","2006-02-15 04:57:20"
"29","2","ANGELA","HERNANDEZ","ANGELA.HERNANDEZ@sakilacustomer.org","18461860151","0","1","2006-02-14 22:04:36","2006-02-15 04:57:20"
"30","1","MELISSA","KING","MELISSA.KING@sakilacustomer.org","525255540978","0","1","2006-02-14 22:04:36","2006-02-15 04:57:20"
"31","2","BRENDA","WRIGHT","BRENDA.WRIGHT@sakilacustomer.org","745994947458","0","1","2006-02-14 22:04:36","2006-02-15 04:57:20"
"32","1","AMY","LOPEZ","AMY.LOPEZ@sakilacustomer.org","627705991774","0","1","2006-02-14 22:04:36","2006-02-15 04:57:20"
"33","2","ANNA","HILL","ANNA.HILL@sakilacustomer.org","911872220378","0","1","2006-02-14 22:04:36","2006-02-15 04:57:20"
"34","2","REBECCA","SCOTT","REBECCA.SCOTT@sakilacustomer.org","708403338270","0","1","2006-02-14 22:04:36","2006-02-15 04:57:20"
"35","2","VIRGINIA","GREEN","VIRGINIA.GREEN@sakilacustomer.org","440512153169","0","1","2006-02-14 22:04:36","2006-02-15 04:57:20"
"36","2","KATHLEEN","ADAMS","KATHLEEN.ADAMS@sakilacustomer.org","481183273622","0","1","2006-02-14 22:04:36","2006-02-15 04:57:20"
"37","1","PAMELA","BAKER","PAMELA.BAKER@sakilacustomer.org","912257250465","0","1","2006-02-14 22:04:36","2006-02-15 04:57:20"
"38","1","MARTHA","GONZALEZ","MARTHA.GONZALEZ@sakilacustomer.org","489783829737","0","1","2006-02-14 22:04:36","2006-02-15 04:57:20"
"39","1","DEBRA","NELSON","DEBRA.NELSON@sakilacustomer.org","378318851631","0","1","2006-02-14 22:04:36","2006-02-15 04:57:20"
"40","2","AMANDA","CARTER","AMANDA.CARTER@sakilacustomer.org","680768868518","0","1","2006-02-14 22:04:36","2006-02-15 04:57:20"
"41","1","STEPHANIE","MITCHELL","STEPHANIE.MITCHELL@sakilacustomer.org","42384721397","0","1","2006-02-14 22:04:36","2006-02-15 04:57:20"
"42","2","CAROLYN","PEREZ","CAROLYN.PEREZ@sakilacustomer.org","471675840679","0","1","2006-02-14 22:04:36","2006-02-15 04:57:20"
"43","2","CHRISTINE","ROBERTS","CHRISTINE.ROBERTS@sakilacustomer.org","539758313890","0","1","2006-02-14 22:04:36","2006-02-15 04:57:20"
"44","1","MARIE","TURNER","MARIE.TURNER@sakilacustomer.org","177727722820","0","1","2006-02-14 22:04:36","2006-02-15 04:57:20"
"45","1","JANET","PHILLIPS","JANET.PHILLIPS@sakilacustomer.org","675292816413","0","1","2006-02-14 22:04:36","2006-02-15 04:57:20"
"46","2","CATHERINE","CAMPBELL","CATHERINE.CAMPBELL@sakilacustomer.org","262076994845","0","1","2006-02-14 22:04:36","2006-02-15 04:57:20"
"47","1","FRANCES","PARKER","FRANCES.PARKER@sakilacustomer.org","69493378813","0","1","2006-02-14 22:04:36","2006-02-15 04:57:20"
"48","1","ANN","EVANS","ANN.EVANS@sakilacustomer.org","705800322606","0","1","2006-02-14 22:04:36","2006-02-15 04:57:20"
"49","2","JOYCE","EDWARDS","JOYCE.EDWARDS@sakilacustomer.org","876295323994","0","1","2006-02-14 22:04:36","2006-02-15 04:57:20"
"50","1","DIANE","COLLINS","DIANE.COLLINS@sakilacustomer.org","307703950263","0","1","2006-02-14 22:04:36","2006-02-15 04:57:20"
"51","1","ALICE","STEWART","ALICE.STEWART@sakilacustomer.org","171822533480","0","1","2006-02-14 22:04:36","2006-02-15 04:57:20"
"52","1","JULIE","SANCHEZ","JULIE.SANCHEZ@sakilacustomer.org","680428310138","0","1","2006-02-14 22:04:36","2006-02-15 04:57:20"
"53","1","HEATHER","MORRIS","HEATHER.MORRIS@sakilacustomer.org","697760867968","0","1","2006-02-14 22:04:36","2006-02-15 04:57:20"
"54","1","TERESA","ROGERS","TERESA.ROGERS@sakilacustomer.org","920811325222","0","1","2006-02-14 22:04:36","2006-02-15 04:57:20"
"55","2","DORIS","REED","DORIS.REED@sakilacustomer.org","499352017190","0","1","2006-02-14 22:04:36","2006-02-15 04:57:20"
"56","1","GLORIA","COOK","GLORIA.COOK@sakilacustomer.org","347487831378","0","1","2006-02-14 22:04:36","2006-02-15 04:57:20"
"57","2","EVELYN","MORGAN","EVELYN.MORGAN@sakilacustomer.org","889318963672","0","1","2006-02-14 22:04:36","2006-02-15 04:57:20"
"58","1","JEAN","BELL","JEAN.BELL@sakilacustomer.org","212869228936","0","1","2006-02-14 22:04:36","2006-02-15 04:57:20"
"59","1","CHERYL","MURPHY","CHERYL.MURPHY@sakilacustomer.org","800024380485","0","1","2006-02-14 22:04:36","2006-02-15 04:57:20"
"60","1","MILDRED","BAILEY","MILDRED.BAILEY@sakilacustomer.org","250767749542","0","1","2006-02-14 22:04:36","2006-02-15 04:57:20"
"61","2","KATHERINE","RIVERA","KATHERINE.RIVERA@sakilacustomer.org","1395251317","0","1","2006-02-14 22:04:36","2006-02-15 04:57:20"
"62","1","JOAN","COOPER","JOAN.COOPER@sakilacustomer.org","914090181665","0","1","2006-02-14 22:04:36","2006-02-15 04:57:20"
"63","1","ASHLEY","RICHARDSON","ASHLEY.RICHARDSON@sakilacustomer.org","491001136577","0","1","2006-02-14 22:04:36","2006-02-15 04:57:20"
"64","2","JUDITH","COX","JUDITH.COX@sakilacustomer.org","333489324603","0","0","2006-02-14 22:04:36","2006-02-15 04:57:20"
"65","2","ROSE","HOWARD","ROSE.HOWARD@sakilacustomer.org","409983924481","0","1","2006-02-14 22:04:36","2006-02-15 04:57:20"
"66","2","JANICE","WARD","JANICE.WARD@sakilacustomer.org","663449333709","0","1","2006-02-14 22:04:36","2006-02-15 04:57:20"
"67","1","KELLY","TORRES","KELLY.TORRES@sakilacustomer.org","947233365992","0","1","2006-02-14 22:04:36","2006-02-15 04:57:20"
"68","1","NICOLE","PETERSON","NICOLE.PETERSON@sakilacustomer.org","990214419142","0","1","2006-02-14 22:04:36","2006-02-15 04:57:20"
"69","2","JUDY","GRAY","JUDY.GRAY@sakilacustomer.org","107137400143","0","1","2006-02-14 22:04:36","2006-02-15 04:57:20"
"70","2","CHRISTINA","RAMIREZ","CHRISTINA.RAMIREZ@sakilacustomer.org","407733804223","0","1","2006-02-14 22:04:36","2006-02-15 04:57:20"
"71","1","KATHY","JAMES","KATHY.JAMES@sakilacustomer.org","565018274456","0","1","2006-02-14 22:04:36","2006-02-15 04:57:20"
"72","2","THERESA","WATSON","THERESA.WATSON@sakilacustomer.org","255800440636","0","1","2006-02-14 22:04:36","2006-02-15 04:57:20"
"73","2","BEVERLY","BROOKS","BEVERLY.BROOKS@sakilacustomer.org","427454485876","0","1","2006-02-14 22:04:36","2006-02-15 04:57:20"
"74","1","DENISE","KELLY","DENISE.KELLY@sakilacustomer.org","241832790687","0","1","2006-02-14 22:04:36","2006-02-15 04:57:20"
"75","2","TAMMY","SANDERS","TAMMY.SANDERS@sakilacustomer.org","251164340471","0","1","2006-02-14 22:04:36","2006-02-15 04:57:20"
"76","2","IRENE","PRICE","IRENE.PRICE@sakilacustomer.org","896314772871","0","1","2006-02-14 22:04:36","2006-02-15 04:57:20"
"77","2","JANE","BENNETT","JANE.BENNETT@sakilacustomer.org","918711376618","0","1","2006-02-14 22:04:36","2006-02-15 04:57:20"
"78","1","LORI","WOOD","LORI.WOOD@sakilacustomer.org","875756771675","0","1","2006-02-14 22:04:36","2006-02-15 04:57:20"
"79","1","RACHEL","BARNES","RACHEL.BARNES@sakilacustomer.org","18581624103","0","1","2006-02-14 22:04:36","2006-02-15 04:57:20"
"80","1","MARILYN","ROSS","MARILYN.ROSS@sakilacustomer.org","701457319790","0","1","2006-02-14 22:04:36","2006-02-15 04:57:20"
"81","1","ANDREA","HENDERSON","ANDREA.HENDERSON@sakilacustomer.org","223664661973","0","1","2006-02-14 22:04:36","2006-02-15 04:57:20"
"82","1","KATHRYN","COLEMAN","KATHRYN.COLEMAN@sakilacustomer.org","821972242086","0","1","2006-02-14 22:04:36","2006-02-15 04:57:20"
"83","1","LOUISE","JENKINS","LOUISE.JENKINS@sakilacustomer.org","800716535041","0","1","2006-02-14 22:04:36","2006-02-15 04:57:20"
"84","2","SARA","PERRY","SARA.PERRY@sakilacustomer.org","48417642933","0","1","2006-02-14 22:04:36","2006-02-15 04:57:20"
"85","2","ANNE","POWELL","ANNE.POWELL@sakilacustomer.org","720998247660","0","1","2006-02-14 22:04:36","2006-02-15 04:57:20"
"86","2","JACQUELINE","LONG","JACQUELINE.LONG@sakilacustomer.org","135117278909","0","1","2006-02-14 22:04:36","2006-02-15 04:57:20"
"87","1","WANDA","PATTERSON","WANDA.PATTERSON@sakilacustomer.org","198123170793","0","1","2006-02-14 22:04:36","2006-02-15 04:57:20"
"88","2","BONNIE","HUGHES","BONNIE.HUGHES@sakilacustomer.org","978987363654","0","1","2006-02-14 22:04:36","2006-02-15 04:57:20"
"89","1","JULIA","FLORES","JULIA.FLORES@sakilacustomer.org","846225459260","0","1","2006-02-14 22:04:36","2006-02-15 04:57:20"
"90","2","RUBY","WASHINGTON","RUBY.WASHINGTON@sakilacustomer.org","991562402283","0","1","2006-02-14 22:04:36","2006-02-15 04:57:20"
"91","2","LOIS","BUTLER","LOIS.BUTLER@sakilacustomer.org","345679835036","0","1","2006-02-14 22:04:36","2006-02-15 04:57:20"
"92","2","TINA","SIMMONS","TINA.SIMMONS@sakilacustomer.org","132986892228","0","1","2006-02-14 22:04:36","2006-02-15 04:57:20"
"93","1","PHYLLIS","FOSTER","PHYLLIS.FOSTER@sakilacustomer.org","275595571388","0","1","2006-02-14 22:04:36","2006-02-15 04:57:20"
"94","1","NORMA","GONZALES","NORMA.GONZALES@sakilacustomer.org","835433605312","0","1","2006-02-14 22:04:36","2006-02-15 04:57:20"
"95","2","PAULA","BRYANT","PAULA.BRYANT@sakilacustomer.org","4764773857","0","1","2006-02-14 22:04:36","2006-02-15 04:57:20"
"96","1","DIANA","ALEXANDER","DIANA.ALEXANDER@sakilacustomer.org","6171054059","0","1","2006-02-14 22:04:36","2006-02-15 04:57:20"
"97","2","ANNIE","RUSSELL","ANNIE.RUSSELL@sakilacustomer.org","817248913162","0","1","2006-02-14 22:04:36","2006-02-15 04:57:20"
"98","1","LILLIAN","GRIFFIN","LILLIAN.GRIFFIN@sakilacustomer.org","412903167998","0","1","2006-02-14 22:04:36","2006-02-15 04:57:20"
"99","2","EMILY","DIAZ","EMILY.DIAZ@sakilacustomer.org","333339908719","0","1","2006-02-14 22:04:36","2006-02-15 04:57:20"
"100","1","ROBIN","HAYES","ROBIN.HAYES@sakilacustomer.org","942570536750","0","1","2006-02-14 22:04:36","2006-02-15 04:57:20"
"101","1","PEGGY","MYERS","PEGGY.MYERS@sakilacustomer.org","196568435814","0","1","2006-02-14 22:04:36","2006-02-15 04:57:20"
"102","1","CRYSTAL","FORD","CRYSTAL.FORD@sakilacustomer.org","709935135487","0","1","2006-02-14 22:04:36","2006-02-15 04:57:20"
"103","1","GLADYS","HAMILTON","GLADYS.HAMILTON@sakilacustomer.org","484292626944","0","1","2006-02-14 22:04:36","2006-02-15 04:57:20"
"104","1","RITA","GRAHAM","RITA.GRAHAM@sakilacustomer.org","449216226468","0","1","2006-02-14 22:04:36","2006-02-15 04:57:20"
"105","1","DAWN","SULLIVAN","DAWN.SULLIVAN@sakilacustomer.org","963887147572","0","1","2006-02-14 22:04:36","2006-02-15 04:57:20"
"106","1","CONNIE","WALLACE","CONNIE.WALLACE@sakilacustomer.org","547003310357","0","1","2006-02-14 22:04:36","2006-02-15 04:57:20"
"107","1","FLORENCE","WOODS","FLORENCE.WOODS@sakilacustomer.org","330838016880","0","1","2006-02-14 22:04:36","2006-02-15 04:57:20"
"108","1","TRACY","COLE","TRACY.COLE@sakilacustomer.org","371490777743","0","1","2006-02-14 22:04:36","2006-02-15 04:57:20"
"109","2","EDNA","WEST","EDNA.WEST@sakilacustomer.org","622255216127","0","1","2006-02-14 22:04:36","2006-02-15 04:57:20"
"110","2","TIFFANY","JORDAN","TIFFANY.JORDAN@sakilacustomer.org","379804592943","0","1","2006-02-14 22:04:36","2006-02-15 04:57:20"
"111","1","CARMEN","OWENS","CARMEN.OWENS@sakilacustomer.org","272234298332","0","1","2006-02-14 22:04:36","2006-02-15 04:57:20"
"112","2","ROSA","REYNOLDS","ROSA.REYNOLDS@sakilacustomer.org","824370924746","0","1","2006-02-14 22:04:36","2006-02-15 04:57:20"
"113","2","CINDY","FISHER","CINDY.FISHER@sakilacustomer.org","358178933857","0","1","2006-02-14 22:04:36","2006-02-15 04:57:20"
"114","2","GRACE","ELLIS","GRACE.ELLIS@sakilacustomer.org","886636413768","0","1","2006-02-14 22:04:36","2006-02-15 04:57:20"
"115","1","WENDY","HARRISON","WENDY.HARRISON@sakilacustomer.org","867546627903","0","1","2006-02-14 22:04:36","2006-02-15 04:57:20"
"116","1","VICTORIA","GIBSON","VICTORIA.GIBSON@sakilacustomer.org","386759646229","0","1","2006-02-14 22:04:36","2006-02-15 04:57:20"
"117","1","EDITH","MCDONALD","EDITH.MCDONALD@sakilacustomer.org","577812616052","0","1","2006-02-14 22:04:36","2006-02-15 04:57:20"
"118","1","KIM","CRUZ","KIM.CRUZ@sakilacustomer.org","909029256431","0","1","2006-02-14 22:04:36","2006-02-15 04:57:20"
"119","1","SHERRY","MARSHALL","SHERRY.MARSHALL@sakilacustomer.org","787654415858","0","1","2006-02-14 22:04:36","2006-02-15 04:57:20"
"120","2","SYLVIA","ORTIZ","SYLVIA.ORTIZ@sakilacustomer.org","765345144779","0","1","2006-02-14 22:04:36","2006-02-15 04:57:20"
"121","1","JOSEPHINE","GOMEZ","JOSEPHINE.GOMEZ@sakilacustomer.org","665993880048","0","1","2006-02-14 22:04:36","2006-02-15 04:57:20"
"122","1","THELMA","MURRAY","THELMA.MURRAY@sakilacustomer.org","937222955822","0","1","2006-02-14 22:04:36","2006-02-15 04:57:20"
"123","2","SHANNON","FREEMAN","SHANNON.FREEMAN@sakilacustomer.org","677976133614","0","1","2006-02-14 22:04:36","2006-02-15 04:57:20"
"124","1","SHEILA","WELLS","SHEILA.WELLS@sakilacustomer.org","614935229095","0","0","2006-02-14 22:04:36","2006-02-15 04:57:20"
"125","1","ETHEL","WEBB","ETHEL.WEBB@sakilacustomer.org","490211944645","0","1","2006-02-14 22:04:36","2006-02-15 04:57:20"
"126","1","ELLEN","SIMPSON","ELLEN.SIMPSON@sakilacustomer.org","582835362905","0","1","2006-02-14 22:04:36","2006-02-15 04:57:20"
"127","2","ELAINE","STEVENS","ELAINE.STEVENS@sakilacustomer.org","237426099212","0","1","2006-02-14 22:04:36","2006-02-15 04:57:20"
"128","1","MARJORIE","TUCKER","MARJORIE.TUCKER@sakilacustomer.org","973047364353","0","1","2006-02-14 22:04:36","2006-02-15 04:57:20"
"129","1","CARRIE","PORTER","CARRIE.PORTER@sakilacustomer.org","509492324775","0","1","2006-02-14 22:04:36","2006-02-15 04:57:20"
"130","1","CHARLOTTE","HUNTER","CHARLOTTE.HUNTER@sakilacustomer.org","935448624185","0","1","2006-02-14 22:04:36","2006-02-15 04:57:20"
"131","2","MONICA","HICKS","MONICA.HICKS@sakilacustomer.org","252265130067","0","1","2006-02-14 22:04:36","2006-02-15 04:57:20"
"132","2","ESTHER","CRAWFORD","ESTHER.CRAWFORD@sakilacustomer.org","707169393853","0","1","2006-02-14 22:04:36","2006-02-15 04:57:20"
"133","1","PAULINE","HENRY","PAULINE.HENRY@sakilacustomer.org","321944036800","0","1","2006-02-14 22:04:36","2006-02-15 04:57:20"
"134","1","EMMA","BOYD","EMMA.BOYD@sakilacustomer.org","23712411567","0","1","2006-02-14 22:04:36","2006-02-15 04:57:20"
"135","2","JUANITA","MASON","JUANITA.MASON@sakilacustomer.org","90921003005","0","1","2006-02-14 22:04:36","2006-02-15 04:57:20"
"136","2","ANITA","MORALES","ANITA.MORALES@sakilacustomer.org","146497509724","0","1","2006-02-14 22:04:36","2006-02-15 04:57:20"
"137","2","RHONDA","KENNEDY","RHONDA.KENNEDY@sakilacustomer.org","963369996279","0","1","2006-02-14 22:04:36","2006-02-15 04:57:20"
"138","1","HAZEL","WARREN","HAZEL.WARREN@sakilacustomer.org","468060467018","0","1","2006-02-14 22:04:36","2006-02-15 04:57:20"
"139","1","AMBER","DIXON","AMBER.DIXON@sakilacustomer.org","33173584456","0","1","2006-02-14 22:04:36","2006-02-15 04:57:20"
"140","1","EVA","RAMOS","EVA.RAMOS@sakilacustomer.org","9099941466","0","1","2006-02-14 22:04:36","2006-02-15 04:57:20"
"141","1","DEBBIE","REYES","DEBBIE.REYES@sakilacustomer.org","581852137991","0","1","2006-02-14 22:04:36","2006-02-15 04:57:20"
"142","1","APRIL","BURNS","APRIL.BURNS@sakilacustomer.org","581174211853","0","1","2006-02-14 22:04:36","2006-02-15 04:57:20"
"143","1","LESLIE","GORDON","LESLIE.GORDON@sakilacustomer.org","923261616249","0","1","2006-02-14 22:04:36","2006-02-15 04:57:20"
"144","1","CLARA","SHAW","CLARA.SHAW@sakilacustomer.org","563660187896","0","1","2006-02-14 22:04:36","2006-02-15 04:57:20"
"145","1","LUCILLE","HOLMES","LUCILLE.HOLMES@sakilacustomer.org","918032330119","0","1","2006-02-14 22:04:36","2006-02-15 04:57:20"
"146","1","JAMIE","RICE","JAMIE.RICE@sakilacustomer.org","206841104594","0","1","2006-02-14 22:04:36","2006-02-15 04:57:20"
"147","2","JOANNE","ROBERTSON","JOANNE.ROBERTSON@sakilacustomer.org","597815221267","0","1","2006-02-14 22:04:36","2006-02-15 04:57:20"
"148","1","ELEANOR","HUNT","ELEANOR.HUNT@sakilacustomer.org","354615066969","0","1","2006-02-14 22:04:36","2006-02-15 04:57:20"
"149","1","VALERIE","BLACK","VALERIE.BLACK@sakilacustomer.org","885899703621","0","1","2006-02-14 22:04:36","2006-02-15 04:57:20"
"150","2","DANIELLE","DANIELS","DANIELLE.DANIELS@sakilacustomer.org","632316273199","0","1","2006-02-14 22:04:36","2006-02-15 04:57:20"
"151","2","MEGAN","PALMER","MEGAN.PALMER@sakilacustomer.org","189446090264","0","1","2006-02-14 22:04:36","2006-02-15 04:57:20"
"152","1","ALICIA","MILLS","ALICIA.MILLS@sakilacustomer.org","761379480249","0","1","2006-02-14 22:04:36","2006-02-15 04:57:20"
"153","2","SUZANNE","NICHOLS","SUZANNE.NICHOLS@sakilacustomer.org","719202533520","0","1","2006-02-14 22:04:36","2006-02-15 04:57:20"
"154","2","MICHELE","GRANT","MICHELE.GRANT@sakilacustomer.org","499408708580","0","1","2006-02-14 22:04:36","2006-02-15 04:57:20"
"155","1","GAIL","KNIGHT","GAIL.KNIGHT@sakilacustomer.org","904253967161","0","1","2006-02-14 22:04:36","2006-02-15 04:57:20"
"156","1","BERTHA","FERGUSON","BERTHA.FERGUSON@sakilacustomer.org","889538496300","0","1","2006-02-14 22:04:36","2006-02-15 04:57:20"
"157","2","DARLENE","ROSE","DARLENE.ROSE@sakilacustomer.org","368899174225","0","1","2006-02-14 22:04:36","2006-02-15 04:57:20"
"158","1","VERONICA","STONE","VERONICA.STONE@sakilacustomer.org","170117068815","0","1","2006-02-14 22:04:36","2006-02-15 04:57:20"
"159","1","JILL","HAWKINS","JILL.HAWKINS@sakilacustomer.org","931059836497","0","1","2006-02-14 22:04:36","2006-02-15 04:57:20"
"160","2","ERIN","DUNN","ERIN.DUNN@sakilacustomer.org","149981248346","0","1","2006-02-14 22:04:36","2006-02-15 04:57:20"
"161","1","GERALDINE","PERKINS","GERALDINE.PERKINS@sakilacustomer.org","177167004331","0","1","2006-02-14 22:04:36","2006-02-15 04:57:20"
"162","2","LAUREN","HUDSON","LAUREN.HUDSON@sakilacustomer.org","168476538960","0","1","2006-02-14 22:04:36","2006-02-15 04:57:20"
"163","1","CATHY","SPENCER","CATHY.SPENCER@sakilacustomer.org","819416131190","0","1","2006-02-14 22:04:36","2006-02-15 04:57:20"
"164","2","JOANN","GARDNER","JOANN.GARDNER@sakilacustomer.org","697151428760","0","1","2006-02-14 22:04:36","2006-02-15 04:57:20"
"165","2","LORRAINE","STEPHENS","LORRAINE.STEPHENS@sakilacustomer.org","935508855935","0","1","2006-02-14 22:04:36","2006-02-15 04:57:20"
"166","1","LYNN","PAYNE","LYNN.PAYNE@sakilacustomer.org","843801144113","0","1","2006-02-14 22:04:36","2006-02-15 04:57:20"
"167","2","SALLY","PIERCE","SALLY.PIERCE@sakilacustomer.org","182363341674","0","1","2006-02-14 22:04:36","2006-02-15 04:57:20"
"168","1","REGINA","BERRY","REGINA.BERRY@sakilacustomer.org","201705577290","0","1","2006-02-14 22:04:36","2006-02-15 04:57:20"
"169","2","ERICA","MATTHEWS","ERICA.MATTHEWS@sakilacustomer.org","161801569569","0","0","2006-02-14 22:04:36","2006-02-15 04:57:20"
"170","1","BEATRICE","ARNOLD","BEATRICE.ARNOLD@sakilacustomer.org","264541743403","0","1","2006-02-14 22:04:36","2006-02-15 04:57:20"
"171","2","DOLORES","WAGNER","DOLORES.WAGNER@sakilacustomer.org","275788967899","0","1","2006-02-14 22:04:36","2006-02-15 04:57:20"
"172","1","BERNICE","WILLIS","BERNICE.WILLIS@sakilacustomer.org","734780743462","0","1","2006-02-14 22:04:36","2006-02-15 04:57:20"
"173","1","AUDREY","RAY","AUDREY.RAY@sakilacustomer.org","493008546874","0","1","2006-02-14 22:04:36","2006-02-15 04:57:20"
"174","2","YVONNE","WATKINS","YVONNE.WATKINS@sakilacustomer.org","48265851133","0","1","2006-02-14 22:04:36","2006-02-15 04:57:20"
"175","1","ANNETTE","OLSON","ANNETTE.OLSON@sakilacustomer.org","230250973122","0","1","2006-02-14 22:04:36","2006-02-15 04:57:20"
"176","1","JUNE","CARROLL","JUNE.CARROLL@sakilacustomer.org","506134035434","0","1","2006-02-14 22:04:36","2006-02-15 04:57:20"
"177","2","SAMANTHA","DUNCAN","SAMANTHA.DUNCAN@sakilacustomer.org","953689007081","0","1","2006-02-14 22:04:36","2006-02-15 04:57:20"
"178","2","MARION","SNYDER","MARION.SNYDER@sakilacustomer.org","391065549876","0","1","2006-02-14 22:04:36","2006-02-15 04:57:20"
"179","1","DANA","HART","DANA.HART@sakilacustomer.org","866092335135","0","1","2006-02-14 22:04:36","2006-02-15 04:57:20"
"180","2","STACY","CUNNINGHAM","STACY.CUNNINGHAM@sakilacustomer.org","104150372603","0","1","2006-02-14 22:04:36","2006-02-15 04:57:20"
"181","2","ANA","BRADLEY","ANA.BRADLEY@sakilacustomer.org","72136330362","0","1","2006-02-14 22:04:36","2006-02-15 04:57:20"
"182","1","RENEE","LANE","RENEE.LANE@sakilacustomer.org","662227486184","0","1","2006-02-14 22:04:36","2006-02-15 04:57:20"
"183","2","IDA","ANDREWS","IDA.ANDREWS@sakilacustomer.org","947468818183","0","1","2006-02-14 22:04:36","2006-02-15 04:57:20"
"184","1","VIVIAN","RUIZ","VIVIAN.RUIZ@sakilacustomer.org","302590383819","0","1","2006-02-14 22:04:36","2006-02-15 04:57:20"
"185","1","ROBERTA","HARPER","ROBERTA.HARPER@sakilacustomer.org","951486492670","0","1","2006-02-14 22:04:36","2006-02-15 04:57:20"
"186","2","HOLLY","FOX","HOLLY.FOX@sakilacustomer.org","760171523969","0","1","2006-02-14 22:04:36","2006-02-15 04:57:20"
"187","2","BRITTANY","RILEY","BRITTANY.RILEY@sakilacustomer.org","855863906434","0","1","2006-02-14 22:04:36","2006-02-15 04:57:20"
"188","1","MELANIE","ARMSTRONG","MELANIE.ARMSTRONG@sakilacustomer.org","650752094490","0","1","2006-02-14 22:04:36","2006-02-15 04:57:20"
"189","1","LORETTA","CARPENTER","LORETTA.CARPENTER@sakilacustomer.org","247646995453","0","1","2006-02-14 22:04:36","2006-02-15 04:57:20"
"190","2","YOLANDA","WEAVER","YOLANDA.WEAVER@sakilacustomer.org","352469351088","0","1","2006-02-14 22:04:36","2006-02-15 04:57:20"
"191","1","JEANETTE","GREENE","JEANETTE.GREENE@sakilacustomer.org","812824036424","0","1","2006-02-14 22:04:36","2006-02-15 04:57:20"
"192","1","LAURIE","LAWRENCE","LAURIE.LAWRENCE@sakilacustomer.org","956188728558","0","1","2006-02-14 22:04:36","2006-02-15 04:57:20"
"193","2","KATIE","ELLIOTT","KATIE.ELLIOTT@sakilacustomer.org","940830176580","0","1","2006-02-14 22:04:36","2006-02-15 04:57:20"
"194","2","KRISTEN","CHAVEZ","KRISTEN.CHAVEZ@sakilacustomer.org","104491201771","0","1","2006-02-14 22:04:36","2006-02-15 04:57:20"
"195","1","VANESSA","SIMS","VANESSA.SIMS@sakilacustomer.org","419419591240","0","1","2006-02-14 22:04:36","2006-02-15 04:57:20"
"196","1","ALMA","AUSTIN","ALMA.AUSTIN@sakilacustomer.org","331132568928","0","1","2006-02-14 22:04:36","2006-02-15 04:57:20"
"197","2","SUE","PETERS","SUE.PETERS@sakilacustomer.org","264286442804","0","1","2006-02-14 22:04:36","2006-02-15 04:57:20"
"198","2","ELSIE","KELLEY","ELSIE.KELLEY@sakilacustomer.org","768481779568","0","1","2006-02-14 22:04:36","2006-02-15 04:57:20"
"199","2","BETH","FRANKLIN","BETH.FRANKLIN@sakilacustomer.org","470884141195","0","1","2006-02-14 22:04:36","2006-02-15 04:57:20"
"200","2","JEANNE","LAWSON","JEANNE.LAWSON@sakilacustomer.org","764477681869","0","1","2006-02-14 22:04:36","2006-02-15 04:57:20"
"201","1","VICKI","FIELDS","VICKI.FIELDS@sakilacustomer.org","146640639760","0","1","2006-02-14 22:04:36","2006-02-15 04:57:20"
"202","2","CARLA","GUTIERREZ","CARLA.GUTIERREZ@sakilacustomer.org","369050085652","0","1","2006-02-14 22:04:36","2006-02-15 04:57:20"
"203","1","TARA","RYAN","TARA.RYAN@sakilacustomer.org","652218196731","0","1","2006-02-14 22:04:36","2006-02-15 04:57:20"
"204","1","ROSEMARY","SCHMIDT","ROSEMARY.SCHMIDT@sakilacustomer.org","646237101779","0","1","2006-02-14 22:04:36","2006-02-15 04:57:20"
"205","2","EILEEN","CARR","EILEEN.CARR@sakilacustomer.org","905903574913","0","1","2006-02-14 22:04:36","2006-02-15 04:57:20"
"206","1","TERRI","VASQUEZ","TERRI.VASQUEZ@sakilacustomer.org","90336226227","0","1","2006-02-14 22:04:36","2006-02-15 04:57:20"
"207","1","GERTRUDE","CASTILLO","GERTRUDE.CASTILLO@sakilacustomer.org","403404780639","0","1","2006-02-14 22:04:36","2006-02-15 04:57:20"
"208","1","LUCY","WHEELER","LUCY.WHEELER@sakilacustomer.org","49677664184","0","1","2006-02-14 22:04:36","2006-02-15 04:57:20"
"209","2","TONYA","CHAPMAN","TONYA.CHAPMAN@sakilacustomer.org","95666951770","0","1","2006-02-14 22:04:36","2006-02-15 04:57:20"
"210","2","ELLA","OLIVER","ELLA.OLIVER@sakilacustomer.org","756460337785","0","1","2006-02-14 22:04:36","2006-02-15 04:57:20"
"211","1","STACEY","MONTGOMERY","STACEY.MONTGOMERY@sakilacustomer.org","408304391718","0","1","2006-02-14 22:04:36","2006-02-15 04:57:20"
"212","2","WILMA","RICHARDS","WILMA.RICHARDS@sakilacustomer.org","168758068397","0","1","2006-02-14 22:04:36","2006-02-15 04:57:20"
"213","1","GINA","WILLIAMSON","GINA.WILLIAMSON@sakilacustomer.org","584316724815","0","1","2006-02-14 22:04:36","2006-02-15 04:57:20"
"214","1","KRISTIN","JOHNSTON","KRISTIN.JOHNSTON@sakilacustomer.org","785881412500","0","1","2006-02-14 22:04:36","2006-02-15 04:57:20"
"215","2","JESSIE","BANKS","JESSIE.BANKS@sakilacustomer.org","352679173732","0","1","2006-02-14 22:04:36","2006-02-15 04:57:20"
"216","1","NATALIE","MEYER","NATALIE.MEYER@sakilacustomer.org","873492228462","0","1","2006-02-14 22:04:36","2006-02-15 04:57:20"
"217","2","AGNES","BISHOP","AGNES.BISHOP@sakilacustomer.org","778502731092","0","1","2006-02-14 22:04:36","2006-02-15 04:57:20"
"218","1","VERA","MCCOY","VERA.MCCOY@sakilacustomer.org","886649065861","0","1","2006-02-14 22:04:36","2006-02-15 04:57:20"
"219","2","WILLIE","HOWELL","WILLIE.HOWELL@sakilacustomer.org","991802825778","0","1","2006-02-14 22:04:36","2006-02-15 04:57:20"
"220","2","CHARLENE","ALVAREZ","CHARLENE.ALVAREZ@sakilacustomer.org","706878974831","0","1","2006-02-14 22:04:36","2006-02-15 04:57:20"
"221","1","BESSIE","MORRISON","BESSIE.MORRISON@sakilacustomer.org","469738825391","0","1","2006-02-14 22:04:36","2006-02-15 04:57:20"
"222","2","DELORES","HANSEN","DELORES.HANSEN@sakilacustomer.org","516331171356","0","1","2006-02-14 22:04:36","2006-02-15 04:57:20"
"223","1","MELINDA","FERNANDEZ","MELINDA.FERNANDEZ@sakilacustomer.org","99760893676","0","1","2006-02-14 22:04:36","2006-02-15 04:57:20"
"224","2","PEARL","GARZA","PEARL.GARZA@sakilacustomer.org","963063788669","0","1","2006-02-14 22:04:36","2006-02-15 04:57:20"
"225","1","ARLENE","HARVEY","ARLENE.HARVEY@sakilacustomer.org","460795526514","0","1","2006-02-14 22:04:36","2006-02-15 04:57:20"
"226","2","MAUREEN","LITTLE","MAUREEN.LITTLE@sakilacustomer.org","684192903087","0","1","2006-02-14 22:04:36","2006-02-15 04:57:20"
"227","1","COLLEEN","BURTON","COLLEEN.BURTON@sakilacustomer.org","669828224459","0","1","2006-02-14 22:04:36","2006-02-15 04:57:20"
"228","2","ALLISON","STANLEY","ALLISON.STANLEY@sakilacustomer.org","594319417514","0","1","2006-02-14 22:04:36","2006-02-15 04:57:20"
"229","1","TAMARA","NGUYEN","TAMARA.NGUYEN@sakilacustomer.org","22326410776","0","1","2006-02-14 22:04:36","2006-02-15 04:57:20"
"230","2","JOY","GEORGE","JOY.GEORGE@sakilacustomer.org","479007229460","0","1","2006-02-14 22:04:36","2006-02-15 04:57:20"
"231","1","GEORGIA","JACOBS","GEORGIA.JACOBS@sakilacustomer.org","541327526474","0","1","2006-02-14 22:04:36","2006-02-15 04:57:20"
"232","2","CONSTANCE","REID","CONSTANCE.REID@sakilacustomer.org","588964509072","0","1","2006-02-14 22:04:36","2006-02-15 04:57:20"
"233","2","LILLIE","KIM","LILLIE.KIM@sakilacustomer.org","431770603551","0","1","2006-02-14 22:04:36","2006-02-15 04:57:20"
"234","1","CLAUDIA","FULLER","CLAUDIA.FULLER@sakilacustomer.org","630424482919","0","1","2006-02-14 22:04:36","2006-02-15 04:57:20"
"235","1","JACKIE","LYNCH","JACKIE.LYNCH@sakilacustomer.org","610173756082","0","1","2006-02-14 22:04:36","2006-02-15 04:57:20"
"236","1","MARCIA","DEAN","MARCIA.DEAN@sakilacustomer.org","727785483194","0","1","2006-02-14 22:04:36","2006-02-15 04:57:20"
"237","1","TANYA","GILBERT","TANYA.GILBERT@sakilacustomer.org","792557457753","0","1","2006-02-14 22:04:36","2006-02-15 04:57:20"
"238","1","NELLIE","GARRETT","NELLIE.GARRETT@sakilacustomer.org","918119601885","0","1","2006-02-14 22:04:36","2006-02-15 04:57:20"
"239","2","MINNIE","ROMERO","MINNIE.ROMERO@sakilacustomer.org","63937119031","0","1","2006-02-14 22:04:36","2006-02-15 04:57:20"
"240","1","MARLENE","WELCH","MARLENE.WELCH@sakilacustomer.org","137773001988","0","1","2006-02-14 22:04:36","2006-02-15 04:57:20"
"241","2","HEIDI","LARSON","HEIDI.LARSON@sakilacustomer.org","279979529227","0","0","2006-02-14 22:04:36","2006-02-15 04:57:20"
"242","1","GLENDA","FRAZIER","GLENDA.FRAZIER@sakilacustomer.org","890283544295","0","1","2006-02-14 22:04:36","2006-02-15 04:57:20"
"243","1","LYDIA","BURKE","LYDIA.BURKE@sakilacustomer.org","686015532180","0","1","2006-02-14 22:04:36","2006-02-15 04:57:20"
"244","2","VIOLA","HANSON","VIOLA.HANSON@sakilacustomer.org","569868543137","0","1","2006-02-14 22:04:36","2006-02-15 04:57:20"
"245","1","COURTNEY","DAY","COURTNEY.DAY@sakilacustomer.org","890289150158","0","1","2006-02-14 22:04:36","2006-02-15 04:57:20"
"246","1","MARIAN","MENDOZA","MARIAN.MENDOZA@sakilacustomer.org","741070712873","0","1","2006-02-14 22:04:36","2006-02-15 04:57:20"
"247","1","STELLA","MORENO","STELLA.MORENO@sakilacustomer.org","266798132374","0","1","2006-02-14 22:04:36","2006-02-15 04:57:20"
"248","1","CAROLINE","BOWMAN","CAROLINE.BOWMAN@sakilacustomer.org","435785045362","0","1","2006-02-14 22:04:36","2006-02-15 04:57:20"
"249","2","DORA","MEDINA","DORA.MEDINA@sakilacustomer.org","56257502250","0","1","2006-02-14 22:04:36","2006-02-15 04:57:20"
"250","2","JO","FOWLER","JO.FOWLER@sakilacustomer.org","716256596301","0","1","2006-02-14 22:04:36","2006-02-15 04:57:20"
"251","2","VICKIE","BREWER","VICKIE.BREWER@sakilacustomer.org","567359279425","0","1","2006-02-14 22:04:36","2006-02-15 04:57:20"
"252","2","MATTIE","HOFFMAN","MATTIE.HOFFMAN@sakilacustomer.org","246810237916","0","1","2006-02-14 22:04:36","2006-02-15 04:57:20"
"253","1","TERRY","CARLSON","TERRY.CARLSON@sakilacustomer.org","134673576619","0","1","2006-02-14 22:04:36","2006-02-15 04:57:20"
"254","2","MAXINE","SILVA","MAXINE.SILVA@sakilacustomer.org","840522972766","0","1","2006-02-14 22:04:36","2006-02-15 04:57:20"
"255","2","IRMA","PEARSON","IRMA.PEARSON@sakilacustomer.org","987442542471","0","1","2006-02-14 22:04:36","2006-02-15 04:57:20"
"256","2","MABEL","HOLLAND","MABEL.HOLLAND@sakilacustomer.org","884536620568","0","1","2006-02-14 22:04:36","2006-02-15 04:57:20"
"257","2","MARSHA","DOUGLAS","MARSHA.DOUGLAS@sakilacustomer.org","245477603573","0","1","2006-02-14 22:04:36","2006-02-15 04:57:20"
"258","1","MYRTLE","FLEMING","MYRTLE.FLEMING@sakilacustomer.org","46871694740","0","1","2006-02-14 22:04:36","2006-02-15 04:57:20"
"259","2","LENA","JENSEN","LENA.JENSEN@sakilacustomer.org","538241037443","0","1","2006-02-14 22:04:36","2006-02-15 04:57:20"
"260","1","CHRISTY","VARGAS","CHRISTY.VARGAS@sakilacustomer.org","276555730211","0","1","2006-02-14 22:04:36","2006-02-15 04:57:20"
"261","1","DEANNA","BYRD","DEANNA.BYRD@sakilacustomer.org","265153400632","0","1","2006-02-14 22:04:36","2006-02-15 04:57:20"
"262","2","PATSY","DAVIDSON","PATSY.DAVIDSON@sakilacustomer.org","282874611748","0","1","2006-02-14 22:04:36","2006-02-15 04:57:20"
"263","1","HILDA","HOPKINS","HILDA.HOPKINS@sakilacustomer.org","322888976727","0","1","2006-02-14 22:04:36","2006-02-15 04:57:20"
"264","1","GWENDOLYN","MAY","GWENDOLYN.MAY@sakilacustomer.org","303967439816","0","1","2006-02-14 22:04:36","2006-02-15 04:57:20"
"265","2","JENNIE","TERRY","JENNIE.TERRY@sakilacustomer.org","475553436330","0","1","2006-02-14 22:04:36","2006-02-15 04:57:20"
"266","2","NORA","HERRERA","NORA.HERRERA@sakilacustomer.org","621625204422","0","1","2006-02-14 22:04:36","2006-02-15 04:57:20"
"267","1","MARGIE","WADE","MARGIE.WADE@sakilacustomer.org","192459639410","0","1","2006-02-14 22:04:36","2006-02-15 04:57:20"
"268","1","NINA","SOTO","NINA.SOTO@sakilacustomer.org","357445645426","0","1","2006-02-14 22:04:36","2006-02-15 04:57:20"
"269","1","CASSANDRA","WALTERS","CASSANDRA.WALTERS@sakilacustomer.org","685010736240","0","1","2006-02-14 22:04:36","2006-02-15 04:57:20"
"270","1","LEAH","CURTIS","LEAH.CURTIS@sakilacustomer.org","701767622697","0","1","2006-02-14 22:04:36","2006-02-15 04:57:20"
"271","1","PENNY","NEAL","PENNY.NEAL@sakilacustomer.org","271149517630","0","0","2006-02-14 22:04:36","2006-02-15 04:57:20"
"272","1","KAY","CALDWELL","KAY.CALDWELL@sakilacustomer.org","170739645687","0","1","2006-02-14 22:04:37","2006-02-15 04:57:20"
"273","2","PRISCILLA","LOWE","PRISCILLA.LOWE@sakilacustomer.org","45387294817","0","1","2006-02-14 22:04:37","2006-02-15 04:57:20"
"274","1","NAOMI","JENNINGS","NAOMI.JENNINGS@sakilacustomer.org","959949395183","0","1","2006-02-14 22:04:37","2006-02-15 04:57:20"
"275","2","CAROLE","BARNETT","CAROLE.BARNETT@sakilacustomer.org","874337098891","0","1","2006-02-14 22:04:37","2006-02-15 04:57:20"
"276","1","BRANDY","GRAVES","BRANDY.GRAVES@sakilacustomer.org","75975221996","0","1","2006-02-14 22:04:37","2006-02-15 04:57:20"
"277","2","OLGA","JIMENEZ","OLGA.JIMENEZ@sakilacustomer.org","363982224739","0","1","2006-02-14 22:04:37","2006-02-15 04:57:20"
"278","2","BILLIE","HORTON","BILLIE.HORTON@sakilacustomer.org","880756161823","0","1","2006-02-14 22:04:37","2006-02-15 04:57:20"
"279","2","DIANNE","SHELTON","DIANNE.SHELTON@sakilacustomer.org","117592274996","0","1","2006-02-14 22:04:37","2006-02-15 04:57:20"
"280","2","TRACEY","BARRETT","TRACEY.BARRETT@sakilacustomer.org","85059738746","0","1","2006-02-14 22:04:37","2006-02-15 04:57:20"
"281","2","LEONA","OBRIEN","LEONA.OBRIEN@sakilacustomer.org","583021225407","0","1","2006-02-14 22:04:37","2006-02-15 04:57:20"
"282","2","JENNY","CASTRO","JENNY.CASTRO@sakilacustomer.org","62781725285","0","1","2006-02-14 22:04:37","2006-02-15 04:57:20"
"283","1","FELICIA","SUTTON","FELICIA.SUTTON@sakilacustomer.org","790651020929","0","1","2006-02-14 22:04:37","2006-02-15 04:57:20"
"284","1","SONIA","GREGORY","SONIA.GREGORY@sakilacustomer.org","195003555232","0","1","2006-02-14 22:04:37","2006-02-15 04:57:20"
"285","1","MIRIAM","MCKINNEY","MIRIAM.MCKINNEY@sakilacustomer.org","341242939532","0","1","2006-02-14 22:04:37","2006-02-15 04:57:20"
"286","1","VELMA","LUCAS","VELMA.LUCAS@sakilacustomer.org","558236142492","0","1","2006-02-14 22:04:37","2006-02-15 04:57:20"
"287","2","BECKY","MILES","BECKY.MILES@sakilacustomer.org","648482415405","0","1","2006-02-14 22:04:37","2006-02-15 04:57:20"
"288","1","BOBBIE","CRAIG","BOBBIE.CRAIG@sakilacustomer.org","957128697225","0","1","2006-02-14 22:04:37","2006-02-15 04:57:20"
"289","1","VIOLET","RODRIQUEZ","VIOLET.RODRIQUEZ@sakilacustomer.org","172262454487","0","1","2006-02-14 22:04:37","2006-02-15 04:57:20"
"290","1","KRISTINA","CHAMBERS","KRISTINA.CHAMBERS@sakilacustomer.org","892523334","0","1","2006-02-14 22:04:37","2006-02-15 04:57:20"
"291","1","TONI","HOLT","TONI.HOLT@sakilacustomer.org","976798660411","0","1","2006-02-14 22:04:37","2006-02-15 04:57:20"
"292","2","MISTY","LAMBERT","MISTY.LAMBERT@sakilacustomer.org","350970907017","0","1","2006-02-14 22:04:37","2006-02-15 04:57:20"
"293","2","MAE","FLETCHER","MAE.FLETCHER@sakilacustomer.org","96604821070","0","1","2006-02-14 22:04:37","2006-02-15 04:57:20"
"294","2","SHELLY","WATTS","SHELLY.WATTS@sakilacustomer.org","967274728547","0","1","2006-02-14 22:04:37","2006-02-15 04:57:20"
"295","1","DAISY","BATES","DAISY.BATES@sakilacustomer.org","816436065431","0","1","2006-02-14 22:04:37","2006-02-15 04:57:20"
"296","2","RAMONA","HALE","RAMONA.HALE@sakilacustomer.org","429925609431","0","1","2006-02-14 22:04:37","2006-02-15 04:57:20"
"297","1","SHERRI","RHODES","SHERRI.RHODES@sakilacustomer.org","510737228015","0","1","2006-02-14 22:04:37","2006-02-15 04:57:20"
"298","1","ERIKA","PENA","ERIKA.PENA@sakilacustomer.org","161643343536","0","1","2006-02-14 22:04:37","2006-02-15 04:57:20"
"299","2","JAMES","GANNON","JAMES.GANNON@sakilacustomer.org","710603868323","0","1","2006-02-14 22:04:37","2006-02-15 04:57:20"
"300","1","JOHN","FARNSWORTH","JOHN.FARNSWORTH@sakilacustomer.org","51917807050","0","1","2006-02-14 22:04:37","2006-02-15 04:57:20"
"301","2","ROBERT","BAUGHMAN","ROBERT.BAUGHMAN@sakilacustomer.org","96110042435","0","1","2006-02-14 22:04:37","2006-02-15 04:57:20"
"302","1","MICHAEL","SILVERMAN","MICHAEL.SILVERMAN@sakilacustomer.org","108053751300","0","1","2006-02-14 22:04:37","2006-02-15 04:57:20"
"303","2","WILLIAM","SATTERFIELD","WILLIAM.SATTERFIELD@sakilacustomer.org","407218522294","0","1","2006-02-14 22:04:37","2006-02-15 04:57:20"
"304","2","DAVID","ROYAL","DAVID.ROYAL@sakilacustomer.org","504434452842","0","1","2006-02-14 22:04:37","2006-02-15 04:57:20"
"305","1","RICHARD","MCCRARY","RICHARD.MCCRARY@sakilacustomer.org","262088367001","0","1","2006-02-14 22:04:37","2006-02-15 04:57:20"
"306","1","CHARLES","KOWALSKI","CHARLES.KOWALSKI@sakilacustomer.org","181179321332","0","1","2006-02-14 22:04:37","2006-02-15 04:57:20"
"307","2","JOSEPH","JOY","JOSEPH.JOY@sakilacustomer.org","573441801529","0","1","2006-02-14 22:04:37","2006-02-15 04:57:20"
"308","1","THOMAS","GRIGSBY","THOMAS.GRIGSBY@sakilacustomer.org","983259819766","0","1","2006-02-14 22:04:37","2006-02-15 04:57:20"
"309","1","CHRISTOPHER","GRECO","CHRISTOPHER.GRECO@sakilacustomer.org","806016930576","0","1","2006-02-14 22:04:37","2006-02-15 04:57:20"
"310","2","DANIEL","CABRAL","DANIEL.CABRAL@sakilacustomer.org","103602195112","0","1","2006-02-14 22:04:37","2006-02-15 04:57:20"
"311","2","PAUL","TROUT","PAUL.TROUT@sakilacustomer.org","688485191923","0","1","2006-02-14 22:04:37","2006-02-15 04:57:20"
"312","2","MARK","RINEHART","MARK.RINEHART@sakilacustomer.org","824396883951","0","1","2006-02-14 22:04:37","2006-02-15 04:57:20"
"313","2","DONALD","MAHON","DONALD.MAHON@sakilacustomer.org","613124286867","0","1","2006-02-14 22:04:37","2006-02-15 04:57:20"
"314","1","GEORGE","LINTON","GEORGE.LINTON@sakilacustomer.org","704948322302","0","1","2006-02-14 22:04:37","2006-02-15 04:57:20"
"315","2","KENNETH","GOODEN","KENNETH.GOODEN@sakilacustomer.org","508800331065","0","0","2006-02-14 22:04:37","2006-02-15 04:57:20"
"316","1","STEVEN","CURLEY","STEVEN.CURLEY@sakilacustomer.org","139378397418","0","1","2006-02-14 22:04:37","2006-02-15 04:57:20"
"317","2","EDWARD","BAUGH","EDWARD.BAUGH@sakilacustomer.org","46568045367","0","1","2006-02-14 22:04:37","2006-02-15 04:57:20"
"318","1","BRIAN","WYMAN","BRIAN.WYMAN@sakilacustomer.org","556100547674","0","1","2006-02-14 22:04:37","2006-02-15 04:57:20"
"319","2","RONALD","WEINER","RONALD.WEINER@sakilacustomer.org","674805712553","0","1","2006-02-14 22:04:37","2006-02-15 04:57:20"
"320","2","ANTHONY","SCHWAB","ANTHONY.SCHWAB@sakilacustomer.org","478229987054","0","1","2006-02-14 22:04:37","2006-02-15 04:57:20"
"321","1","KEVIN","SCHULER","KEVIN.SCHULER@sakilacustomer.org","908029859266","0","1","2006-02-14 22:04:37","2006-02-15 04:57:20"
"322","1","JASON","MORRISSEY","JASON.MORRISSEY@sakilacustomer.org","972574862516","0","1","2006-02-14 22:04:37","2006-02-15 04:57:20"
"323","2","MATTHEW","MAHAN","MATTHEW.MAHAN@sakilacustomer.org","869051782691","0","1","2006-02-14 22:04:37","2006-02-15 04:57:20"
"324","2","GARY","COY","GARY.COY@sakilacustomer.org","168884817145","0","1","2006-02-14 22:04:37","2006-02-15 04:57:20"
"325","1","TIMOTHY","BUNN","TIMOTHY.BUNN@sakilacustomer.org","829116184079","0","1","2006-02-14 22:04:37","2006-02-15 04:57:20"
"326","1","JOSE","ANDREW","JOSE.ANDREW@sakilacustomer.org","961370847344","0","1","2006-02-14 22:04:37","2006-02-15 04:57:20"
"327","2","LARRY","THRASHER","LARRY.THRASHER@sakilacustomer.org","834418779292","0","1","2006-02-14 22:04:37","2006-02-15 04:57:20"
"328","2","JEFFREY","SPEAR","JEFFREY.SPEAR@sakilacustomer.org","38158430589","0","1","2006-02-14 22:04:37","2006-02-15 04:57:20"
"329","2","FRANK","WAGGONER","FRANK.WAGGONER@sakilacustomer.org","965273813662","0","1","2006-02-14 22:04:37","2006-02-15 04:57:20"
"330","1","SCOTT","SHELLEY","SCOTT.SHELLEY@sakilacustomer.org","165450987037","0","1","2006-02-14 22:04:37","2006-02-15 04:57:20"
"331","1","ERIC","ROBERT","ERIC.ROBERT@sakilacustomer.org","105470691550","0","1","2006-02-14 22:04:37","2006-02-15 04:57:20"
"332","1","STEPHEN","QUALLS","STEPHEN.QUALLS@sakilacustomer.org","38988715447","0","1","2006-02-14 22:04:37","2006-02-15 04:57:20"
"333","2","ANDREW","PURDY","ANDREW.PURDY@sakilacustomer.org","119501405123","0","1","2006-02-14 22:04:37","2006-02-15 04:57:20"
"334","2","RAYMOND","MCWHORTER","RAYMOND.MCWHORTER@sakilacustomer.org","834626715837","0","1","2006-02-14 22:04:37","2006-02-15 04:57:20"
"335","1","GREGORY","MAULDIN","GREGORY.MAULDIN@sakilacustomer.org","80303246192","0","1","2006-02-14 22:04:37","2006-02-15 04:57:20"
"336","1","JOSHUA","MARK","JOSHUA.MARK@sakilacustomer.org","869507847714","0","1","2006-02-14 22:04:37","2006-02-15 04:57:20"
"337","1","JERRY","JORDON","JERRY.JORDON@sakilacustomer.org","647899404952","0","1","2006-02-14 22:04:37","2006-02-15 04:57:20"
"338","1","DENNIS","GILMAN","DENNIS.GILMAN@sakilacustomer.org","231383037471","0","1","2006-02-14 22:04:37","2006-02-15 04:57:20"
"339","2","WALTER","PERRYMAN","WALTER.PERRYMAN@sakilacustomer.org","624138001031","0","1","2006-02-14 22:04:37","2006-02-15 04:57:20"
"340","1","PATRICK","NEWSOM","PATRICK.NEWSOM@sakilacustomer.org","870635127812","0","1","2006-02-14 22:04:37","2006-02-15 04:57:20"
"341","1","PETER","MENARD","PETER.MENARD@sakilacustomer.org","718917251754","0","1","2006-02-14 22:04:37","2006-02-15 04:57:20"
"342","1","HAROLD","MARTINO","HAROLD.MARTINO@sakilacustomer.org","697656479977","0","1","2006-02-14 22:04:37","2006-02-15 04:57:20"
"343","1","DOUGLAS","GRAF","DOUGLAS.GRAF@sakilacustomer.org","895616862749","0","1","2006-02-14 22:04:37","2006-02-15 04:57:20"
"344","1","HENRY","BILLINGSLEY","HENRY.BILLINGSLEY@sakilacustomer.org","64536069371","0","1","2006-02-14 22:04:37","2006-02-15 04:57:20"
"345","1","CARL","ARTIS","CARL.ARTIS@sakilacustomer.org","20064292617","0","1","2006-02-14 22:04:37","2006-02-15 04:57:20"
"346","1","ARTHUR","SIMPKINS","ARTHUR.SIMPKINS@sakilacustomer.org","262744791493","0","1","2006-02-14 22:04:37","2006-02-15 04:57:20"
"347","2","RYAN","SALISBURY","RYAN.SALISBURY@sakilacustomer.org","627924259271","0","1","2006-02-14 22:04:37","2006-02-15 04:57:20"
"348","2","ROGER","QUINTANILLA","ROGER.QUINTANILLA@sakilacustomer.org","55477302294","0","1","2006-02-14 22:04:37","2006-02-15 04:57:20"
"349","2","JOE","GILLILAND","JOE.GILLILAND@sakilacustomer.org","53912826864","0","1","2006-02-14 22:04:37","2006-02-15 04:57:20"
"350","1","JUAN","FRALEY","JUAN.FRALEY@sakilacustomer.org","689199636560","0","1","2006-02-14 22:04:37","2006-02-15 04:57:20"
"351","1","JACK","FOUST","JACK.FOUST@sakilacustomer.org","840957664136","0","1","2006-02-14 22:04:37","2006-02-15 04:57:20"
"352","1","ALBERT","CROUSE","ALBERT.CROUSE@sakilacustomer.org","256546485220","0","1","2006-02-14 22:04:37","2006-02-15 04:57:20"
"353","1","JONATHAN","SCARBOROUGH","JONATHAN.SCARBOROUGH@sakilacustomer.org","754358349853","0","1","2006-02-14 22:04:37","2006-02-15 04:57:20"
"354","2","JUSTIN","NGO","JUSTIN.NGO@sakilacustomer.org","764680915323","0","1","2006-02-14 22:04:37","2006-02-15 04:57:20"
"355","2","TERRY","GRISSOM","TERRY.GRISSOM@sakilacustomer.org","142596392389","0","1","2006-02-14 22:04:37","2006-02-15 04:57:20"
"356","2","GERALD","FULTZ","GERALD.FULTZ@sakilacustomer.org","650496654258","0","1","2006-02-14 22:04:37","2006-02-15 04:57:20"
"357","1","KEITH","RICO","KEITH.RICO@sakilacustomer.org","738968474939","0","1","2006-02-14 22:04:37","2006-02-15 04:57:20"
"358","2","SAMUEL","MARLOW","SAMUEL.MARLOW@sakilacustomer.org","620719383725","0","1","2006-02-14 22:04:37","2006-02-15 04:57:20"
"359","2","WILLIE","MARKHAM","WILLIE.MARKHAM@sakilacustomer.org","296394569728","0","1","2006-02-14 22:04:37","2006-02-15 04:57:20"
"360","2","RALPH","MADRIGAL","RALPH.MADRIGAL@sakilacustomer.org","102396298916","0","1","2006-02-14 22:04:37","2006-02-15 04:57:20"
"361","2","LAWRENCE","LAWTON","LAWRENCE.LAWTON@sakilacustomer.org","845378657301","0","1","2006-02-14 22:04:37","2006-02-15 04:57:20"
"362","1","NICHOLAS","BARFIELD","NICHOLAS.BARFIELD@sakilacustomer.org","675120358494","0","1","2006-02-14 22:04:37","2006-02-15 04:57:20"
"363","2","ROY","WHITING","ROY.WHITING@sakilacustomer.org","568367775448","0","1","2006-02-14 22:04:37","2006-02-15 04:57:20"
"364","1","BENJAMIN","VARNEY","BENJAMIN.VARNEY@sakilacustomer.org","151249681135","0","1","2006-02-14 22:04:37","2006-02-15 04:57:20"
"365","2","BRUCE","SCHWARZ","BRUCE.SCHWARZ@sakilacustomer.org","634445428822","0","1","2006-02-14 22:04:37","2006-02-15 04:57:20"
"366","1","BRANDON","HUEY","BRANDON.HUEY@sakilacustomer.org","99883471275","0","1","2006-02-14 22:04:37","2006-02-15 04:57:20"
"367","1","ADAM","GOOCH","ADAM.GOOCH@sakilacustomer.org","166898395731","0","1","2006-02-14 22:04:37","2006-02-15 04:57:20"
"368","1","HARRY","ARCE","HARRY.ARCE@sakilacustomer.org","320471479776","0","0","2006-02-14 22:04:37","2006-02-15 04:57:20"
"369","2","FRED","WHEAT","FRED.WHEAT@sakilacustomer.org","561729882725","0","1","2006-02-14 22:04:37","2006-02-15 04:57:20"
"370","2","WAYNE","TRUONG","WAYNE.TRUONG@sakilacustomer.org","960505250340","0","1","2006-02-14 22:04:37","2006-02-15 04:57:20"
"371","1","BILLY","POULIN","BILLY.POULIN@sakilacustomer.org","333390595558","0","1","2006-02-14 22:04:37","2006-02-15 04:57:20"
"372","2","STEVE","MACKENZIE","STEVE.MACKENZIE@sakilacustomer.org","440365973660","0","1","2006-02-14 22:04:37","2006-02-15 04:57:20"
"373","1","LOUIS","LEONE","LOUIS.LEONE@sakilacustomer.org","45554316010","0","1","2006-02-14 22:04:37","2006-02-15 04:57:20"
"374","2","JEREMY","HURTADO","JEREMY.HURTADO@sakilacustomer.org","600264533987","0","1","2006-02-14 22:04:37","2006-02-15 04:57:20"
"375","2","AARON","SELBY","AARON.SELBY@sakilacustomer.org","409315295763","0","1","2006-02-14 22:04:37","2006-02-15 04:57:20"
"376","1","RANDY","GAITHER","RANDY.GAITHER@sakilacustomer.org","96846695220","0","1","2006-02-14 22:04:37","2006-02-15 04:57:20"
"377","1","HOWARD","FORTNER","HOWARD.FORTNER@sakilacustomer.org","342720754566","0","1","2006-02-14 22:04:37","2006-02-15 04:57:20"
"378","1","EUGENE","CULPEPPER","EUGENE.CULPEPPER@sakilacustomer.org","71857599858","0","1","2006-02-14 22:04:37","2006-02-15 04:57:20"
"379","1","CARLOS","COUGHLIN","CARLOS.COUGHLIN@sakilacustomer.org","924815207181","0","1","2006-02-14 22:04:37","2006-02-15 04:57:20"
"380","1","RUSSELL","BRINSON","RUSSELL.BRINSON@sakilacustomer.org","821476736117","0","1","2006-02-14 22:04:37","2006-02-15 04:57:20"
"381","2","BOBBY","BOUDREAU","BOBBY.BOUDREAU@sakilacustomer.org","934352415130","0","1","2006-02-14 22:04:37","2006-02-15 04:57:20"
"382","2","VICTOR","BARKLEY","VICTOR.BARKLEY@sakilacustomer.org","486395999608","0","1","2006-02-14 22:04:37","2006-02-15 04:57:20"
"383","1","MARTIN","BALES","MARTIN.BALES@sakilacustomer.org","106439158941","0","1","2006-02-14 22:04:37","2006-02-15 04:57:20"
"384","2","ERNEST","STEPP","ERNEST.STEPP@sakilacustomer.org","550306965159","0","1","2006-02-14 22:04:37","2006-02-15 04:57:20"
"385","1","PHILLIP","HOLM","PHILLIP.HOLM@sakilacustomer.org","776031833752","0","1","2006-02-14 22:04:37","2006-02-15 04:57:20"
"386","1","TODD","TAN","TODD.TAN@sakilacustomer.org","619966287415","0","1","2006-02-14 22:04:37","2006-02-15 04:57:20"
"387","2","JESSE","SCHILLING","JESSE.SCHILLING@sakilacustomer.org","900235712074","0","1","2006-02-14 22:04:37","2006-02-15 04:57:20"
"388","2","CRAIG","MORRELL","CRAIG.MORRELL@sakilacustomer.org","426255288071","0","1","2006-02-14 22:04:37","2006-02-15 04:57:20"
"389","1","ALAN","KAHN","ALAN.KAHN@sakilacustomer.org","464511145118","0","1","2006-02-14 22:04:37","2006-02-15 04:57:20"
"390","1","SHAWN","HEATON","SHAWN.HEATON@sakilacustomer.org","175283210378","0","1","2006-02-14 22:04:37","2006-02-15 04:57:20"
"391","1","CLARENCE","GAMEZ","CLARENCE.GAMEZ@sakilacustomer.org","667736124769","0","1","2006-02-14 22:04:37","2006-02-15 04:57:20"
"392","2","SEAN","DOUGLASS","SEAN.DOUGLASS@sakilacustomer.org","47808359842","0","1","2006-02-14 22:04:37","2006-02-15 04:57:20"
"393","1","PHILIP","CAUSEY","PHILIP.CAUSEY@sakilacustomer.org","737229003916","0","1","2006-02-14 22:04:37","2006-02-15 04:57:20"
"394","2","CHRIS","BROTHERS","CHRIS.BROTHERS@sakilacustomer.org","537374465982","0","1","2006-02-14 22:04:37","2006-02-15 04:57:20"
"395","2","JOHNNY","TURPIN","JOHNNY.TURPIN@sakilacustomer.org","765957414528","0","1","2006-02-14 22:04:37","2006-02-15 04:57:20"
"396","1","EARL","SHANKS","EARL.SHANKS@sakilacustomer.org","679095087143","0","1","2006-02-14 22:04:37","2006-02-15 04:57:20"
"397","1","JIMMY","SCHRADER","JIMMY.SCHRADER@sakilacustomer.org","604177838256","0","1","2006-02-14 22:04:37","2006-02-15 04:57:20"
"398","1","ANTONIO","MEEK","ANTONIO.MEEK@sakilacustomer.org","841876514789","0","1","2006-02-14 22:04:37","2006-02-15 04:57:20"
"399","1","DANNY","ISOM","DANNY.ISOM@sakilacustomer.org","280578750435","0","1","2006-02-14 22:04:37","2006-02-15 04:57:20"
"400","2","BRYAN","HARDISON","BRYAN.HARDISON@sakilacustomer.org","775235029633","0","1","2006-02-14 22:04:37","2006-02-15 04:57:20"
"401","2","TONY","CARRANZA","TONY.CARRANZA@sakilacustomer.org","794553031307","0","1","2006-02-14 22:04:37","2006-02-15 04:57:20"
"402","1","LUIS","YANEZ","LUIS.YANEZ@sakilacustomer.org","516647474029","0","1","2006-02-14 22:04:37","2006-02-15 04:57:20"
"403","1","MIKE","WAY","MIKE.WAY@sakilacustomer.org","206169448769","0","1","2006-02-14 22:04:37","2006-02-15 04:57:20"
"404","2","STANLEY","SCROGGINS","STANLEY.SCROGGINS@sakilacustomer.org","1483365694","0","1","2006-02-14 22:04:37","2006-02-15 04:57:20"
"405","1","LEONARD","SCHOFIELD","LEONARD.SCHOFIELD@sakilacustomer.org","779461480495","0","1","2006-02-14 22:04:37","2006-02-15 04:57:20"
"406","1","NATHAN","RUNYON","NATHAN.RUNYON@sakilacustomer.org","302526949177","0","0","2006-02-14 22:04:37","2006-02-15 04:57:20"
"407","1","DALE","RATCLIFF","DALE.RATCLIFF@sakilacustomer.org","328494873422","0","1","2006-02-14 22:04:37","2006-02-15 04:57:20"
"408","1","MANUEL","MURRELL","MANUEL.MURRELL@sakilacustomer.org","359478883004","0","1","2006-02-14 22:04:37","2006-02-15 04:57:20"
"409","2","RODNEY","MOELLER","RODNEY.MOELLER@sakilacustomer.org","653436985797","0","1","2006-02-14 22:04:37","2006-02-15 04:57:20"
"410","2","CURTIS","IRBY","CURTIS.IRBY@sakilacustomer.org","615964523510","0","1","2006-02-14 22:04:37","2006-02-15 04:57:20"
"411","1","NORMAN","CURRIER","NORMAN.CURRIER@sakilacustomer.org","598912394463","0","1","2006-02-14 22:04:37","2006-02-15 04:57:20"
"412","2","ALLEN","BUTTERFIELD","ALLEN.BUTTERFIELD@sakilacustomer.org","129953030512","0","1","2006-02-14 22:04:37","2006-02-15 04:57:20"
"413","2","MARVIN","YEE","MARVIN.YEE@sakilacustomer.org","480039662421","0","1","2006-02-14 22:04:37","2006-02-15 04:57:20"
"414","1","VINCENT","RALSTON","VINCENT.RALSTON@sakilacustomer.org","680851640676","0","1","2006-02-14 22:04:37","2006-02-15 04:57:20"
"415","1","GLENN","PULLEN","GLENN.PULLEN@sakilacustomer.org","855290087237","0","1","2006-02-14 22:04:37","2006-02-15 04:57:20"
"416","2","JEFFERY","PINSON","JEFFERY.PINSON@sakilacustomer.org","15273765306","0","1","2006-02-14 22:04:37","2006-02-15 04:57:20"
"417","1","TRAVIS","ESTEP","TRAVIS.ESTEP@sakilacustomer.org","214976066017","0","1","2006-02-14 22:04:37","2006-02-15 04:57:20"
"418","2","JEFF","EAST","JEFF.EAST@sakilacustomer.org","491271355190","0","1","2006-02-14 22:04:37","2006-02-15 04:57:20"
"419","1","CHAD","CARBONE","CHAD.CARBONE@sakilacustomer.org","987306329957","0","1","2006-02-14 22:04:37","2006-02-15 04:57:20"
"420","1","JACOB","LANCE","JACOB.LANCE@sakilacustomer.org","546793516940","0","1","2006-02-14 22:04:37","2006-02-15 04:57:20"
"421","1","LEE","HAWKS","LEE.HAWKS@sakilacustomer.org","270456873752","0","1","2006-02-14 22:04:37","2006-02-15 04:57:20"
"422","1","MELVIN","ELLINGTON","MELVIN.ELLINGTON@sakilacustomer.org","368284120423","0","1","2006-02-14 22:04:37","2006-02-15 04:57:20"
"423","2","ALFRED","CASILLAS","ALFRED.CASILLAS@sakilacustomer.org","129673677866","0","1","2006-02-14 22:04:37","2006-02-15 04:57:20"
"424","2","KYLE","SPURLOCK","KYLE.SPURLOCK@sakilacustomer.org","736517327853","0","1","2006-02-14 22:04:37","2006-02-15 04:57:20"
"425","2","FRANCIS","SIKES","FRANCIS.SIKES@sakilacustomer.org","548003849552","0","1","2006-02-14 22:04:37","2006-02-15 04:57:20"
"426","1","BRADLEY","MOTLEY","BRADLEY.MOTLEY@sakilacustomer.org","157133457169","0","1","2006-02-14 22:04:37","2006-02-15 04:57:20"
"427","2","JESUS","MCCARTNEY","JESUS.MCCARTNEY@sakilacustomer.org","419009857119","0","1","2006-02-14 22:04:37","2006-02-15 04:57:20"
"428","2","HERBERT","KRUGER","HERBERT.KRUGER@sakilacustomer.org","307133768620","0","1","2006-02-14 22:04:37","2006-02-15 04:57:20"
"429","2","FREDERICK","ISBELL","FREDERICK.ISBELL@sakilacustomer.org","572068624538","0","1","2006-02-14 22:04:37","2006-02-15 04:57:20"
"430","1","RAY","HOULE","RAY.HOULE@sakilacustomer.org","497288595103","0","1","2006-02-14 22:04:37","2006-02-15 04:57:20"
"431","2","JOEL","FRANCISCO","JOEL.FRANCISCO@sakilacustomer.org","82619513349","0","1","2006-02-14 22:04:37","2006-02-15 04:57:20"
"432","1","EDWIN","BURK","EDWIN.BURK@sakilacustomer.org","617567598243","0","1","2006-02-14 22:04:37","2006-02-15 04:57:20"
"433","1","DON","BONE","DON.BONE@sakilacustomer.org","342709348083","0","1","2006-02-14 22:04:37","2006-02-15 04:57:20"
"434","1","EDDIE","TOMLIN","EDDIE.TOMLIN@sakilacustomer.org","959834530529","0","1","2006-02-14 22:04:37","2006-02-15 04:57:20"
"435","2","RICKY","SHELBY","RICKY.SHELBY@sakilacustomer.org","746251338300","0","1","2006-02-14 22:04:37","2006-02-15 04:57:20"
"436","1","TROY","QUIGLEY","TROY.QUIGLEY@sakilacustomer.org","145720452260","0","1","2006-02-14 22:04:37","2006-02-15 04:57:20"
"437","2","RANDALL","NEUMANN","RANDALL.NEUMANN@sakilacustomer.org","331888642162","0","1","2006-02-14 22:04:37","2006-02-15 04:57:20"
"438","1","BARRY","LOVELACE","BARRY.LOVELACE@sakilacustomer.org","689681677428","0","1","2006-02-14 22:04:37","2006-02-15 04:57:20"
"439","2","ALEXANDER","FENNELL","ALEXANDER.FENNELL@sakilacustomer.org","575081026569","0","1","2006-02-14 22:04:37","2006-02-15 04:57:20"
"440","1","BERNARD","COLBY","BERNARD.COLBY@sakilacustomer.org","82088937724","0","1","2006-02-14 22:04:37","2006-02-15 04:57:20"
"441","1","MARIO","CHEATHAM","MARIO.CHEATHAM@sakilacustomer.org","406784385440","0","1","2006-02-14 22:04:37","2006-02-15 04:57:20"
"442","1","LEROY","BUSTAMANTE","LEROY.BUSTAMANTE@sakilacustomer.org","240776414296","0","1","2006-02-14 22:04:37","2006-02-15 04:57:20"
"443","2","FRANCISCO","SKIDMORE","FRANCISCO.SKIDMORE@sakilacustomer.org","876491807547","0","1","2006-02-14 22:04:37","2006-02-15 04:57:20"
"444","2","MARCUS","HIDALGO","MARCUS.HIDALGO@sakilacustomer.org","237368926031","0","1","2006-02-14 22:04:37","2006-02-15 04:57:20"
"445","1","MICHEAL","FORMAN","MICHEAL.FORMAN@sakilacustomer.org","411549550611","0","1","2006-02-14 22:04:37","2006-02-15 04:57:20"
"446","2","THEODORE","CULP","THEODORE.CULP@sakilacustomer.org","39463554936","0","0","2006-02-14 22:04:37","2006-02-15 04:57:20"
"447","1","CLIFFORD","BOWENS","CLIFFORD.BOWENS@sakilacustomer.org","782900030287","0","1","2006-02-14 22:04:37","2006-02-15 04:57:20"
"448","1","MIGUEL","BETANCOURT","MIGUEL.BETANCOURT@sakilacustomer.org","72524459905","0","1","2006-02-14 22:04:37","2006-02-15 04:57:20"
"449","2","OSCAR","AQUINO","OSCAR.AQUINO@sakilacustomer.org","474047727727","0","1","2006-02-14 22:04:37","2006-02-15 04:57:20"
"450","1","JAY","ROBB","JAY.ROBB@sakilacustomer.org","834061016202","0","1","2006-02-14 22:04:37","2006-02-15 04:57:20"
"451","1","JIM","REA","JIM.REA@sakilacustomer.org","524567129902","0","1","2006-02-14 22:04:37","2006-02-15 04:57:20"
"452","1","TOM","MILNER","TOM.MILNER@sakilacustomer.org","985109775584","0","1","2006-02-14 22:04:37","2006-02-15 04:57:20"
"453","1","CALVIN","MARTEL","CALVIN.MARTEL@sakilacustomer.org","974433019532","0","1","2006-02-14 22:04:37","2006-02-15 04:57:20"
"454","2","ALEX","GRESHAM","ALEX.GRESHAM@sakilacustomer.org","118011831565","0","1","2006-02-14 22:04:37","2006-02-15 04:57:20"
"455","2","JON","WILES","JON.WILES@sakilacustomer.org","205524798287","0","1","2006-02-14 22:04:37","2006-02-15 04:57:20"
"456","2","RONNIE","RICKETTS","RONNIE.RICKETTS@sakilacustomer.org","670370974122","0","1","2006-02-14 22:04:37","2006-02-15 04:57:20"
"457","2","BILL","GAVIN","BILL.GAVIN@sakilacustomer.org","924663855568","0","1","2006-02-14 22:04:37","2006-02-15 04:57:20"
"458","1","LLOYD","DOWD","LLOYD.DOWD@sakilacustomer.org","335052544020","0","1","2006-02-14 22:04:37","2006-02-15 04:57:20"
"459","1","TOMMY","COLLAZO","TOMMY.COLLAZO@sakilacustomer.org","762361821578","0","1","2006-02-14 22:04:37","2006-02-15 04:57:20"
"460","1","LEON","BOSTIC","LEON.BOSTIC@sakilacustomer.org","366776723320","0","1","2006-02-14 22:04:37","2006-02-15 04:57:20"
"461","1","DEREK","BLAKELY","DEREK.BLAKELY@sakilacustomer.org","325526730021","0","1","2006-02-14 22:04:37","2006-02-15 04:57:20"
"462","2","WARREN","SHERROD","WARREN.SHERROD@sakilacustomer.org","209342540247","0","1","2006-02-14 22:04:37","2006-02-15 04:57:20"
"463","2","DARRELL","POWER","DARRELL.POWER@sakilacustomer.org","164414772677","0","1","2006-02-14 22:04:37","2006-02-15 04:57:20"
"464","1","JEROME","KENYON","JEROME.KENYON@sakilacustomer.org","928809465153","0","1","2006-02-14 22:04:37","2006-02-15 04:57:20"
"465","1","FLOYD","GANDY","FLOYD.GANDY@sakilacustomer.org","49084281333","0","1","2006-02-14 22:04:37","2006-02-15 04:57:20"
"466","1","LEO","EBERT","LEO.EBERT@sakilacustomer.org","268053970382","0","1","2006-02-14 22:04:37","2006-02-15 04:57:20"
"467","2","ALVIN","DELOACH","ALVIN.DELOACH@sakilacustomer.org","769370126331","0","1","2006-02-14 22:04:37","2006-02-15 04:57:20"
"468","1","TIM","CARY","TIM.CARY@sakilacustomer.org","195337700615","0","1","2006-02-14 22:04:37","2006-02-15 04:57:20"
"469","2","WESLEY","BULL","WESLEY.BULL@sakilacustomer.org","622884741180","0","1","2006-02-14 22:04:37","2006-02-15 04:57:20"
"470","1","GORDON","ALLARD","GORDON.ALLARD@sakilacustomer.org","562370137426","0","1","2006-02-14 22:04:37","2006-02-15 04:57:20"
"471","1","DEAN","SAUER","DEAN.SAUER@sakilacustomer.org","248446668735","0","1","2006-02-14 22:04:37","2006-02-15 04:57:20"
"472","1","GREG","ROBINS","GREG.ROBINS@sakilacustomer.org","206060652238","0","1","2006-02-14 22:04:37","2006-02-15 04:57:20"
"473","2","JORGE","OLIVARES","JORGE.OLIVARES@sakilacustomer.org","932992626595","0","1","2006-02-14 22:04:37","2006-02-15 04:57:20"
"474","2","DUSTIN","GILLETTE","DUSTIN.GILLETTE@sakilacustomer.org","131912793873","0","1","2006-02-14 22:04:37","2006-02-15 04:57:20"
"475","2","PEDRO","CHESTNUT","PEDRO.CHESTNUT@sakilacustomer.org","726875628268","0","1","2006-02-14 22:04:37","2006-02-15 04:57:20"
"476","1","DERRICK","BOURQUE","DERRICK.BOURQUE@sakilacustomer.org","856872225376","0","1","2006-02-14 22:04:37","2006-02-15 04:57:20"
"477","1","DAN","PAINE","DAN.PAINE@sakilacustomer.org","553452430707","0","1","2006-02-14 22:04:37","2006-02-15 04:57:20"
"478","1","LEWIS","LYMAN","LEWIS.LYMAN@sakilacustomer.org","667648979883","0","1","2006-02-14 22:04:37","2006-02-15 04:57:20"
"479","1","ZACHARY","HITE","ZACHARY.HITE@sakilacustomer.org","191958435142","0","1","2006-02-14 22:04:37","2006-02-15 04:57:20"
"480","1","COREY","HAUSER","COREY.HAUSER@sakilacustomer.org","435118527255","0","1","2006-02-14 22:04:37","2006-02-15 04:57:20"
"481","1","HERMAN","DEVORE","HERMAN.DEVORE@sakilacustomer.org","510383179153","0","1","2006-02-14 22:04:37","2006-02-15 04:57:20"
"482","1","MAURICE","CRAWLEY","MAURICE.CRAWLEY@sakilacustomer.org","684529463244","0","0","2006-02-14 22:04:37","2006-02-15 04:57:20"
"483","2","VERNON","CHAPA","VERNON.CHAPA@sakilacustomer.org","975185523021","0","1","2006-02-14 22:04:37","2006-02-15 04:57:20"
"484","1","ROBERTO","VU","ROBERTO.VU@sakilacustomer.org","508348602835","0","1","2006-02-14 22:04:37","2006-02-15 04:57:20"
"485","1","CLYDE","TOBIAS","CLYDE.TOBIAS@sakilacustomer.org","702955450528","0","1","2006-02-14 22:04:37","2006-02-15 04:57:20"
"486","1","GLEN","TALBERT","GLEN.TALBERT@sakilacustomer.org","936806643983","0","1","2006-02-14 22:04:37","2006-02-15 04:57:20"
"487","2","HECTOR","POINDEXTER","HECTOR.POINDEXTER@sakilacustomer.org","589377568313","0","1","2006-02-14 22:04:37","2006-02-15 04:57:20"
"488","2","SHANE","MILLARD","SHANE.MILLARD@sakilacustomer.org","488425406814","0","1","2006-02-14 22:04:37","2006-02-15 04:57:20"
"489","1","RICARDO","MEADOR","RICARDO.MEADOR@sakilacustomer.org","37247325001","0","1","2006-02-14 22:04:37","2006-02-15 04:57:20"
"490","1","SAM","MCDUFFIE","SAM.MCDUFFIE@sakilacustomer.org","17305839123","0","1","2006-02-14 22:04:37","2006-02-15 04:57:20"
"491","2","RICK","MATTOX","RICK.MATTOX@sakilacustomer.org","171973024401","0","1","2006-02-14 22:04:37","2006-02-15 04:57:20"
"492","2","LESTER","KRAUS","LESTER.KRAUS@sakilacustomer.org","158399646978","0","1","2006-02-14 22:04:37","2006-02-15 04:57:20"
"493","1","BRENT","HARKINS","BRENT.HARKINS@sakilacustomer.org","854259976812","0","1","2006-02-14 22:04:37","2006-02-15 04:57:20"
"494","2","RAMON","CHOATE","RAMON.CHOATE@sakilacustomer.org","898559280434","0","1","2006-02-14 22:04:37","2006-02-15 04:57:20"
"495","2","CHARLIE","BESS","CHARLIE.BESS@sakilacustomer.org","962020153680","0","1","2006-02-14 22:04:37","2006-02-15 04:57:20"
"496","2","TYLER","WREN","TYLER.WREN@sakilacustomer.org","211256301880","0","1","2006-02-14 22:04:37","2006-02-15 04:57:20"
"497","2","GILBERT","SLEDGE","GILBERT.SLEDGE@sakilacustomer.org","959467760895","0","1","2006-02-14 22:04:37","2006-02-15 04:57:20"
"498","1","GENE","SANBORN","GENE.SANBORN@sakilacustomer.org","144206758053","0","1","2006-02-14 22:04:37","2006-02-15 04:57:20"
"499","2","MARC","OUTLAW","MARC.OUTLAW@sakilacustomer.org","465897838272","0","1","2006-02-14 22:04:37","2006-02-15 04:57:20"
"500","1","REGINALD","KINDER","REGINALD.KINDER@sakilacustomer.org","793996678771","0","1","2006-02-14 22:04:37","2006-02-15 04:57:20"
"501","1","RUBEN","GEARY","RUBEN.GEARY@sakilacustomer.org","52709222667","0","1","2006-02-14 22:04:37","2006-02-15 04:57:20"
"502","1","BRETT","CORNWELL","BRETT.CORNWELL@sakilacustomer.org","868602816371","0","1","2006-02-14 22:04:37","2006-02-15 04:57:20"
"503","1","ANGEL","BARCLAY","ANGEL.BARCLAY@sakilacustomer.org","759586584889","0","1","2006-02-14 22:04:37","2006-02-15 04:57:20"
"504","1","NATHANIEL","ADAM","NATHANIEL.ADAM@sakilacustomer.org","111177206479","0","1","2006-02-14 22:04:37","2006-02-15 04:57:20"
"505","1","RAFAEL","ABNEY","RAFAEL.ABNEY@sakilacustomer.org","82671830126","0","1","2006-02-14 22:04:37","2006-02-15 04:57:20"
"506","2","LESLIE","SEWARD","LESLIE.SEWARD@sakilacustomer.org","131370665218","0","1","2006-02-14 22:04:37","2006-02-15 04:57:20"
"507","2","EDGAR","RHOADS","EDGAR.RHOADS@sakilacustomer.org","402630109080","0","1","2006-02-14 22:04:37","2006-02-15 04:57:20"
"508","2","MILTON","HOWLAND","MILTON.HOWLAND@sakilacustomer.org","441628280920","0","1","2006-02-14 22:04:37","2006-02-15 04:57:20"
"509","1","RAUL","FORTIER","RAUL.FORTIER@sakilacustomer.org","442673923363","0","1","2006-02-14 22:04:37","2006-02-15 04:57:20"
"510","2","BEN","EASTER","BEN.EASTER@sakilacustomer.org","711928348157","0","0","2006-02-14 22:04:37","2006-02-15 04:57:20"
"511","1","CHESTER","BENNER","CHESTER.BENNER@sakilacustomer.org","59634255214","0","1","2006-02-14 22:04:37","2006-02-15 04:57:20"
"512","1","CECIL","VINES","CECIL.VINES@sakilacustomer.org","879347453467","0","1","2006-02-14 22:04:37","2006-02-15 04:57:20"
"513","2","DUANE","TUBBS","DUANE.TUBBS@sakilacustomer.org","282667506728","0","1","2006-02-14 22:04:37","2006-02-15 04:57:20"
"514","2","FRANKLIN","TROUTMAN","FRANKLIN.TROUTMAN@sakilacustomer.org","288910576761","0","1","2006-02-14 22:04:37","2006-02-15 04:57:20"
"515","1","ANDRE","RAPP","ANDRE.RAPP@sakilacustomer.org","602101369463","0","1","2006-02-14 22:04:37","2006-02-15 04:57:20"
"516","2","ELMER","NOE","ELMER.NOE@sakilacustomer.org","448876499197","0","1","2006-02-14 22:04:37","2006-02-15 04:57:20"
"517","2","BRAD","MCCURDY","BRAD.MCCURDY@sakilacustomer.org","627425618482","0","1","2006-02-14 22:04:37","2006-02-15 04:57:20"
"518","1","GABRIEL","HARDER","GABRIEL.HARDER@sakilacustomer.org","158326114853","0","1","2006-02-14 22:04:37","2006-02-15 04:57:20"
"519","2","RON","DELUCA","RON.DELUCA@sakilacustomer.org","132100972047","0","1","2006-02-14 22:04:37","2006-02-15 04:57:20"
"520","2","MITCHELL","WESTMORELAND","MITCHELL.WESTMORELAND@sakilacustomer.org","574973479129","0","1","2006-02-14 22:04:37","2006-02-15 04:57:20"
"521","2","ROLAND","SOUTH","ROLAND.SOUTH@sakilacustomer.org","25865528181","0","1","2006-02-14 22:04:37","2006-02-15 04:57:20"
"522","2","ARNOLD","HAVENS","ARNOLD.HAVENS@sakilacustomer.org","236679267178","0","1","2006-02-14 22:04:37","2006-02-15 04:57:20"
"523","1","HARVEY","GUAJARDO","HARVEY.GUAJARDO@sakilacustomer.org","638409958875","0","1","2006-02-14 22:04:37","2006-02-15 04:57:20"
"524","1","JARED","ELY","JARED.ELY@sakilacustomer.org","35533115997","0","1","2006-02-14 22:04:37","2006-02-15 04:57:20"
"525","2","ADRIAN","CLARY","ADRIAN.CLARY@sakilacustomer.org","182059202712","0","1","2006-02-14 22:04:37","2006-02-15 04:57:20"
"526","2","KARL","SEAL","KARL.SEAL@sakilacustomer.org","214756839122","0","1","2006-02-14 22:04:37","2006-02-15 04:57:20"
"527","1","CORY","MEEHAN","CORY.MEEHAN@sakilacustomer.org","338244023543","0","1","2006-02-14 22:04:37","2006-02-15 04:57:20"
"528","1","CLAUDE","HERZOG","CLAUDE.HERZOG@sakilacustomer.org","105882218332","0","1","2006-02-14 22:04:37","2006-02-15 04:57:20"
"529","2","ERIK","GUILLEN","ERIK.GUILLEN@sakilacustomer.org","80593242951","0","1","2006-02-14 22:04:37","2006-02-15 04:57:20"
"530","2","DARRYL","ASHCRAFT","DARRYL.ASHCRAFT@sakilacustomer.org","717566026669","0","1","2006-02-14 22:04:37","2006-02-15 04:57:20"
"531","2","JAMIE","WAUGH","JAMIE.WAUGH@sakilacustomer.org","427274926505","0","1","2006-02-14 22:04:37","2006-02-15 04:57:20"
"532","2","NEIL","RENNER","NEIL.RENNER@sakilacustomer.org","478380208348","0","1","2006-02-14 22:04:37","2006-02-15 04:57:20"
"533","1","JESSIE","MILAM","JESSIE.MILAM@sakilacustomer.org","383353187467","0","1","2006-02-14 22:04:37","2006-02-15 04:57:20"
"534","1","CHRISTIAN","JUNG","CHRISTIAN.JUNG@sakilacustomer.org","122981120653","0","0","2006-02-14 22:04:37","2006-02-15 04:57:20"
"535","1","JAVIER","ELROD","JAVIER.ELROD@sakilacustomer.org","8912935608","0","1","2006-02-14 22:04:37","2006-02-15 04:57:20"
"536","2","FERNANDO","CHURCHILL","FERNANDO.CHURCHILL@sakilacustomer.org","745267607502","0","1","2006-02-14 22:04:37","2006-02-15 04:57:20"
"537","2","CLINTON","BUFORD","CLINTON.BUFORD@sakilacustomer.org","484500282381","0","1","2006-02-14 22:04:37","2006-02-15 04:57:20"
"538","2","TED","BREAUX","TED.BREAUX@sakilacustomer.org","488600270038","0","1","2006-02-14 22:04:37","2006-02-15 04:57:20"
"539","1","MATHEW","BOLIN","MATHEW.BOLIN@sakilacustomer.org","754579047924","0","1","2006-02-14 22:04:37","2006-02-15 04:57:20"
"540","1","TYRONE","ASHER","TYRONE.ASHER@sakilacustomer.org","932156667696","0","1","2006-02-14 22:04:37","2006-02-15 04:57:20"
"541","2","DARREN","WINDHAM","DARREN.WINDHAM@sakilacustomer.org","921960450089","0","1","2006-02-14 22:04:37","2006-02-15 04:57:20"
"542","2","LONNIE","TIRADO","LONNIE.TIRADO@sakilacustomer.org","784907335610","0","1","2006-02-14 22:04:37","2006-02-15 04:57:20"
"543","1","LANCE","PEMBERTON","LANCE.PEMBERTON@sakilacustomer.org","786270036240","0","1","2006-02-14 22:04:37","2006-02-15 04:57:20"
"544","2","CODY","NOLEN","CODY.NOLEN@sakilacustomer.org","169352919175","0","1","2006-02-14 22:04:37","2006-02-15 04:57:20"
"545","2","JULIO","NOLAND","JULIO.NOLAND@sakilacustomer.org","426346224043","0","1","2006-02-14 22:04:37","2006-02-15 04:57:20"
"546","1","KELLY","KNOTT","KELLY.KNOTT@sakilacustomer.org","357593328658","0","1","2006-02-14 22:04:37","2006-02-15 04:57:20"
"547","1","KURT","EMMONS","KURT.EMMONS@sakilacustomer.org","135407755975","0","1","2006-02-14 22:04:37","2006-02-15 04:57:20"
"548","1","ALLAN","CORNISH","ALLAN.CORNISH@sakilacustomer.org","50898428626","0","1","2006-02-14 22:04:37","2006-02-15 04:57:20"
"549","1","NELSON","CHRISTENSON","NELSON.CHRISTENSON@sakilacustomer.org","84794532510","0","1","2006-02-14 22:04:37","2006-02-15 04:57:20"
"550","2","GUY","BROWNLEE","GUY.BROWNLEE@sakilacustomer.org","978430786151","0","1","2006-02-14 22:04:37","2006-02-15 04:57:20"
"551","2","CLAYTON","BARBEE","CLAYTON.BARBEE@sakilacustomer.org","380077794770","0","1","2006-02-14 22:04:37","2006-02-15 04:57:20"
"552","2","HUGH","WALDROP","HUGH.WALDROP@sakilacustomer.org","955349440539","0","1","2006-02-14 22:04:37","2006-02-15 04:57:20"
"553","1","MAX","PITT","MAX.PITT@sakilacustomer.org","698182547686","0","1","2006-02-14 22:04:37","2006-02-15 04:57:20"
"554","1","DWAYNE","OLVERA","DWAYNE.OLVERA@sakilacustomer.org","62127829280","0","1","2006-02-14 22:04:37","2006-02-15 04:57:20"
"555","1","DWIGHT","LOMBARDI","DWIGHT.LOMBARDI@sakilacustomer.org","368738360376","0","1","2006-02-14 22:04:37","2006-02-15 04:57:20"
"556","2","ARMANDO","GRUBER","ARMANDO.GRUBER@sakilacustomer.org","590764256785","0","1","2006-02-14 22:04:37","2006-02-15 04:57:20"
"557","1","FELIX","GAFFNEY","FELIX.GAFFNEY@sakilacustomer.org","107092893983","0","1","2006-02-14 22:04:37","2006-02-15 04:57:20"
"558","1","JIMMIE","EGGLESTON","JIMMIE.EGGLESTON@sakilacustomer.org","970638808606","0","0","2006-02-14 22:04:37","2006-02-15 04:57:20"
"559","2","EVERETT","BANDA","EVERETT.BANDA@sakilacustomer.org","855066328617","0","1","2006-02-14 22:04:37","2006-02-15 04:57:20"
"560","1","JORDAN","ARCHULETA","JORDAN.ARCHULETA@sakilacustomer.org","817740355461","0","1","2006-02-14 22:04:37","2006-02-15 04:57:20"
"561","2","IAN","STILL","IAN.STILL@sakilacustomer.org","239357986667","0","1","2006-02-14 22:04:37","2006-02-15 04:57:20"
"562","1","WALLACE","SLONE","WALLACE.SLONE@sakilacustomer.org","946114054231","0","1","2006-02-14 22:04:37","2006-02-15 04:57:20"
"563","2","KEN","PREWITT","KEN.PREWITT@sakilacustomer.org","997453607116","0","1","2006-02-14 22:04:37","2006-02-15 04:57:20"
"564","2","BOB","PFEIFFER","BOB.PFEIFFER@sakilacustomer.org","203202500108","0","1","2006-02-14 22:04:37","2006-02-15 04:57:20"
"565","2","JAIME","NETTLES","JAIME.NETTLES@sakilacustomer.org","863080561151","0","1","2006-02-14 22:04:37","2006-02-15 04:57:20"
"566","1","CASEY","MENA","CASEY.MENA@sakilacustomer.org","525518075499","0","1","2006-02-14 22:04:37","2006-02-15 04:57:20"
"567","2","ALFREDO","MCADAMS","ALFREDO.MCADAMS@sakilacustomer.org","324346485054","0","1","2006-02-14 22:04:37","2006-02-15 04:57:20"
"568","2","ALBERTO","HENNING","ALBERTO.HENNING@sakilacustomer.org","618156722572","0","1","2006-02-14 22:04:37","2006-02-15 04:57:20"
"569","2","DAVE","GARDINER","DAVE.GARDINER@sakilacustomer.org","128499386727","0","1","2006-02-14 22:04:37","2006-02-15 04:57:20"
"570","2","IVAN","CROMWELL","IVAN.CROMWELL@sakilacustomer.org","203804046132","0","1","2006-02-14 22:04:37","2006-02-15 04:57:20"
"571","2","JOHNNIE","CHISHOLM","JOHNNIE.CHISHOLM@sakilacustomer.org","770864062795","0","1","2006-02-14 22:04:37","2006-02-15 04:57:20"
"572","1","SIDNEY","BURLESON","SIDNEY.BURLESON@sakilacustomer.org","867287719310","0","1","2006-02-14 22:04:37","2006-02-15 04:57:20"
"573","1","BYRON","BOX","BYRON.BOX@sakilacustomer.org","844018348565","0","1","2006-02-14 22:04:37","2006-02-15 04:57:20"
"574","2","JULIAN","VEST","JULIAN.VEST@sakilacustomer.org","315528269898","0","1","2006-02-14 22:04:37","2006-02-15 04:57:20"
"575","2","ISAAC","OGLESBY","ISAAC.OGLESBY@sakilacustomer.org","14465669789","0","1","2006-02-14 22:04:37","2006-02-15 04:57:20"
"576","2","MORRIS","MCCARTER","MORRIS.MCCARTER@sakilacustomer.org","278669994384","0","1","2006-02-14 22:04:37","2006-02-15 04:57:20"
"577","2","CLIFTON","MALCOLM","CLIFTON.MALCOLM@sakilacustomer.org","29341849811","0","1","2006-02-14 22:04:37","2006-02-15 04:57:20"
"578","2","WILLARD","LUMPKIN","WILLARD.LUMPKIN@sakilacustomer.org","377633994405","0","1","2006-02-14 22:04:37","2006-02-15 04:57:20"
"579","2","DARYL","LARUE","DARYL.LARUE@sakilacustomer.org","954786054144","0","1","2006-02-14 22:04:37","2006-02-15 04:57:20"
"580","1","ROSS","GREY","ROSS.GREY@sakilacustomer.org","165164761435","0","1","2006-02-14 22:04:37","2006-02-15 04:57:20"
"581","1","VIRGIL","WOFFORD","VIRGIL.WOFFORD@sakilacustomer.org","294449058179","0","1","2006-02-14 22:04:37","2006-02-15 04:57:20"
"582","2","ANDY","VANHORN","ANDY.VANHORN@sakilacustomer.org","995527378381","0","1","2006-02-14 22:04:37","2006-02-15 04:57:20"
"583","1","MARSHALL","THORN","MARSHALL.THORN@sakilacustomer.org","285710089439","0","1","2006-02-14 22:04:37","2006-02-15 04:57:20"
"584","2","SALVADOR","TEEL","SALVADOR.TEEL@sakilacustomer.org","170115379190","0","1","2006-02-14 22:04:37","2006-02-15 04:57:20"
"585","1","PERRY","SWAFFORD","PERRY.SWAFFORD@sakilacustomer.org","914466027044","0","1","2006-02-14 22:04:37","2006-02-15 04:57:20"
"586","1","KIRK","STCLAIR","KIRK.STCLAIR@sakilacustomer.org","182178609211","0","1","2006-02-14 22:04:37","2006-02-15 04:57:20"
"587","1","SERGIO","STANFIELD","SERGIO.STANFIELD@sakilacustomer.org","387448063440","0","1","2006-02-14 22:04:37","2006-02-15 04:57:20"
"588","1","MARION","OCAMPO","MARION.OCAMPO@sakilacustomer.org","338758048786","0","1","2006-02-14 22:04:37","2006-02-15 04:57:20"
"589","1","TRACY","HERRMANN","TRACY.HERRMANN@sakilacustomer.org","154124128457","0","1","2006-02-14 22:04:37","2006-02-15 04:57:20"
"590","2","SETH","HANNON","SETH.HANNON@sakilacustomer.org","864392582257","0","1","2006-02-14 22:04:37","2006-02-15 04:57:20"
"591","1","KENT","ARSENAULT","KENT.ARSENAULT@sakilacustomer.org","410877354933","0","1","2006-02-14 22:04:37","2006-02-15 04:57:20"
"592","1","TERRANCE","ROUSH","TERRANCE.ROUSH@sakilacustomer.org","437829801725","0","0","2006-02-14 22:04:37","2006-02-15 04:57:20"
"593","2","RENE","MCALISTER","RENE.MCALISTER@sakilacustomer.org","137809746111","0","1","2006-02-14 22:04:37","2006-02-15 04:57:20"
"594","1","EDUARDO","HIATT","EDUARDO.HIATT@sakilacustomer.org","640843562301","0","1","2006-02-14 22:04:37","2006-02-15 04:57:20"
"595","1","TERRENCE","GUNDERSON","TERRENCE.GUNDERSON@sakilacustomer.org","935952366111","0","1","2006-02-14 22:04:37","2006-02-15 04:57:20"
"596","1","ENRIQUE","FORSYTHE","ENRIQUE.FORSYTHE@sakilacustomer.org","199514580428","0","1","2006-02-14 22:04:37","2006-02-15 04:57:20"
"597","1","FREDDIE","DUGGAN","FREDDIE.DUGGAN@sakilacustomer.org","644021380889","0","1","2006-02-14 22:04:37","2006-02-15 04:57:20"
"598","1","WADE","DELVALLE","WADE.DELVALLE@sakilacustomer.org","145308717464","0","1","2006-02-14 22:04:37","2006-02-15 04:57:20"
"599","2","AUSTIN","CINTRON","AUSTIN.CINTRON@sakilacustomer.org","288241215394","0","1","2006-02-14 22:04:37","2006-02-15 04:57:20"
